Sample_Name	Library_ID	Lane	Colour_Chemistry	SeqType	Organism	Strandedness	UDG_Treatment	R1	R2	BAM
M.lepromatosis	M.lepromatosis-SRR1576832	0	4	SE	NA	double	full	/cfs/klemming/projects/supr/archaeogenetics/pochonz/Phylogenetics/leprae/fastqs/SRR1576832.fastq.gz	NA	NA
SK14_UK	SK14_UK-SRR6233936	0	4	PE	NA	double	full	/cfs/klemming/projects/supr/archaeogenetics/pochonz/Phylogenetics/leprae/fastqs/SRR6233936_1.fastq.gz	/cfs/klemming/projects/supr/archaeogenetics/pochonz/Phylogenetics/leprae/fastqs/SRR6233936_2.fastq.gz	NA
SK14_UK	SK14_UK-SRR847036	0	4	PE	NA	double	half	/cfs/klemming/projects/supr/archaeogenetics/pochonz/Phylogenetics/leprae/fastqs/SRR847036_1.fastq.gz	/cfs/klemming/projects/supr/archaeogenetics/pochonz/Phylogenetics/leprae/fastqs/SRR847036_2.fastq.gz	NA
SK14_UK	SK14_UK-SRR847064	0	4	PE	NA	double	none	/cfs/klemming/projects/supr/archaeogenetics/pochonz/Phylogenetics/leprae/fastqs/SRR847064_1.fastq.gz	/cfs/klemming/projects/supr/archaeogenetics/pochonz/Phylogenetics/leprae/fastqs/SRR847064_2.fastq.gz	NA
3077_Sweden	3077_Sweden-SRR847038	0	4	PE	NA	double	full	/cfs/klemming/projects/supr/archaeogenetics/pochonz/Phylogenetics/leprae/fastqs/SRR847038_1.fastq.gz	/cfs/klemming/projects/supr/archaeogenetics/pochonz/Phylogenetics/leprae/fastqs/SRR847038_2.fastq.gz	NA
3077_Sweden	3077_Sweden-SRR847039	0	4	PE	NA	double	none	/cfs/klemming/projects/supr/archaeogenetics/pochonz/Phylogenetics/leprae/fastqs/SRR847039_1.fastq.gz	/cfs/klemming/projects/supr/archaeogenetics/pochonz/Phylogenetics/leprae/fastqs/SRR847039_2.fastq.gz	NA
Jorgen625_Denmark	Jorgen_625_Denmark-SRR847050	0	4	PE	NA	double	full	/cfs/klemming/projects/supr/archaeogenetics/pochonz/Phylogenetics/leprae/fastqs/SRR847050_1.fastq.gz	/cfs/klemming/projects/supr/archaeogenetics/pochonz/Phylogenetics/leprae/fastqs/SRR847050_2.fastq.gz	NA
Jorgen625_Denmark	Jorgen_625_Denmark-SRR847051	0	4	PE	NA	double	none	/cfs/klemming/projects/supr/archaeogenetics/pochonz/Phylogenetics/leprae/fastqs/SRR847051_1.fastq.gz	/cfs/klemming/projects/supr/archaeogenetics/pochonz/Phylogenetics/leprae/fastqs/SRR847051_2.fastq.gz	NA
Jorgen625_Denmark	Jorgen_625_Denmark-SRR847052	0	4	PE	NA	double	full	/cfs/klemming/projects/supr/archaeogenetics/pochonz/Phylogenetics/leprae/fastqs/SRR847052_1.fastq.gz	/cfs/klemming/projects/supr/archaeogenetics/pochonz/Phylogenetics/leprae/fastqs/SRR847052_2.fastq.gz	NA
Refshale_16_Denmark	Refshale_16_Denmark-SRR847702	0	4	PE	NA	double	none	/cfs/klemming/projects/supr/archaeogenetics/pochonz/Phylogenetics/leprae/fastqs/SRR847702_1.fastq.gz	/cfs/klemming/projects/supr/archaeogenetics/pochonz/Phylogenetics/leprae/fastqs/SRR847702_2.fastq.gz	NA
Refshale_16_Denmark	Refshale_16_Denmark-SRR847056	0	4	PE	NA	double	full	/cfs/klemming/projects/supr/archaeogenetics/pochonz/Phylogenetics/leprae/fastqs/SRR847056_1.fastq.gz	/cfs/klemming/projects/supr/archaeogenetics/pochonz/Phylogenetics/leprae/fastqs/SRR847056_2.fastq.gz	NA
Refshale_16_Denmark	Refshale_16_Denmark-SRR847057	0	4	PE	NA	double	none	/cfs/klemming/projects/supr/archaeogenetics/pochonz/Phylogenetics/leprae/fastqs/SRR847057_1.fastq.gz	/cfs/klemming/projects/supr/archaeogenetics/pochonz/Phylogenetics/leprae/fastqs/SRR847057_2.fastq.gz	NA
Refshale_16_Denmark	Refshale_16_Denmark-SRR847058	0	4	PE	NA	double	none	/cfs/klemming/projects/supr/archaeogenetics/pochonz/Phylogenetics/leprae/fastqs/SRR847058_1.fastq.gz	/cfs/klemming/projects/supr/archaeogenetics/pochonz/Phylogenetics/leprae/fastqs/SRR847058_2.fastq.gz	NA
SK2_UK	SK2_UK-SRR847034	0	4	PE	NA	double	half	/cfs/klemming/projects/supr/archaeogenetics/pochonz/Phylogenetics/leprae/fastqs/SRR847034_1.fastq.gz	/cfs/klemming/projects/supr/archaeogenetics/pochonz/Phylogenetics/leprae/fastqs/SRR847034_2.fastq.gz	NA
SK8_UK	SK8_UK-SRR847069	0	4	PE	NA	double	full	/cfs/klemming/projects/supr/archaeogenetics/pochonz/Phylogenetics/leprae/fastqs/SRR847069_1.fastq.gz	/cfs/klemming/projects/supr/archaeogenetics/pochonz/Phylogenetics/leprae/fastqs/SRR847069_2.fastq.gz	NA
SK8_UK	SK8_UK-SRR847070	0	4	PE	NA	double	none	/cfs/klemming/projects/supr/archaeogenetics/pochonz/Phylogenetics/leprae/fastqs/SRR847070_1.fastq.gz	/cfs/klemming/projects/supr/archaeogenetics/pochonz/Phylogenetics/leprae/fastqs/SRR847070_2.fastq.gz	NA
C21_UK	C21_UK-ERR3611144	0	4	PE	NA	double	none	/cfs/klemming/projects/supr/archaeogenetics/pochonz/Phylogenetics/leprae/fastqs/ERR3611144_1.fastq.gz	/cfs/klemming/projects/supr/archaeogenetics/pochonz/Phylogenetics/leprae/fastqs/ERR3611144_2.fastq.gz	NA
C48_UK	C48_UK-ERR3611145	0	4	PE	NA	double	none	/cfs/klemming/projects/supr/archaeogenetics/pochonz/Phylogenetics/leprae/fastqs/ERR3611145_1.fastq.gz	/cfs/klemming/projects/supr/archaeogenetics/pochonz/Phylogenetics/leprae/fastqs/ERR3611145_2.fastq.gz	NA
R5046_UK	R5046_UK-ERR3611146	0	4	PE	NA	double	none	/cfs/klemming/projects/supr/archaeogenetics/pochonz/Phylogenetics/leprae/fastqs/ERR3611146_1.fastq.gz	/cfs/klemming/projects/supr/archaeogenetics/pochonz/Phylogenetics/leprae/fastqs/ERR3611146_2.fastq.gz	NA
G34_Denmark	G34_Denmark-ERR1883928	0	4	PE	NA	double	full	/cfs/klemming/projects/supr/archaeogenetics/pochonz/Phylogenetics/leprae/fastqs/ERR1883928_1.fastq.gz	/cfs/klemming/projects/supr/archaeogenetics/pochonz/Phylogenetics/leprae/fastqs/ERR1883928_2.fastq.gz	NA
G34_Denmark	G34_Denmark-ERR1883929	0	4	PE	NA	double	none	/cfs/klemming/projects/supr/archaeogenetics/pochonz/Phylogenetics/leprae/fastqs/ERR1883929_1.fastq.gz	/cfs/klemming/projects/supr/archaeogenetics/pochonz/Phylogenetics/leprae/fastqs/ERR1883929_2.fastq.gz	NA
G34_Denmark	G34_Denmark-ERR1883976	0	4	PE	NA	double	full	/cfs/klemming/projects/supr/archaeogenetics/pochonz/Phylogenetics/leprae/fastqs/ERR1883976_1.fastq.gz	/cfs/klemming/projects/supr/archaeogenetics/pochonz/Phylogenetics/leprae/fastqs/ERR1883976_2.fastq.gz	NA
G34_Denmark	G34_Denmark-ERR1883977	0	4	PE	NA	double	none	/cfs/klemming/projects/supr/archaeogenetics/pochonz/Phylogenetics/leprae/fastqs/ERR1883977_1.fastq.gz	/cfs/klemming/projects/supr/archaeogenetics/pochonz/Phylogenetics/leprae/fastqs/ERR1883977_2.fastq.gz	NA
G34_Denmark	G34_Denmark-ERR1884147	0	4	PE	NA	double	none	/cfs/klemming/projects/supr/archaeogenetics/pochonz/Phylogenetics/leprae/fastqs/ERR1884147_1.fastq.gz	/cfs/klemming/projects/supr/archaeogenetics/pochonz/Phylogenetics/leprae/fastqs/ERR1884147_2.fastq.gz	NA
G34_Denmark	G34_Denmark-ERR1884148	0	4	PE	NA	double	full	/cfs/klemming/projects/supr/archaeogenetics/pochonz/Phylogenetics/leprae/fastqs/ERR1884148_1.fastq.gz	/cfs/klemming/projects/supr/archaeogenetics/pochonz/Phylogenetics/leprae/fastqs/ERR1884148_2.fastq.gz	NA
G154_Denmark	G154_Denmark-ERR1883912	0	4	PE	NA	double	full	/cfs/klemming/projects/supr/archaeogenetics/pochonz/Phylogenetics/leprae/fastqs/ERR1883912_1.fastq.gz	/cfs/klemming/projects/supr/archaeogenetics/pochonz/Phylogenetics/leprae/fastqs/ERR1883912_2.fastq.gz	NA
G154_Denmark	G154_Denmark-ERR1884135	0	4	PE	NA	double	full	/cfs/klemming/projects/supr/archaeogenetics/pochonz/Phylogenetics/leprae/fastqs/ERR1884135_1.fastq.gz	/cfs/klemming/projects/supr/archaeogenetics/pochonz/Phylogenetics/leprae/fastqs/ERR1884135_2.fastq.gz	NA
G154_Denmark	G154_Denmark-ERR1884136	0	4	PE	NA	double	full	/cfs/klemming/projects/supr/archaeogenetics/pochonz/Phylogenetics/leprae/fastqs/ERR1884136_1.fastq.gz	/cfs/klemming/projects/supr/archaeogenetics/pochonz/Phylogenetics/leprae/fastqs/ERR1884136_2.fastq.gz	NA
G154_Denmark	G154_Denmark-ERR1884178	0	4	PE	NA	double	none	/cfs/klemming/projects/supr/archaeogenetics/pochonz/Phylogenetics/leprae/fastqs/ERR1884178_1.fastq.gz	/cfs/klemming/projects/supr/archaeogenetics/pochonz/Phylogenetics/leprae/fastqs/ERR1884178_2.fastq.gz	NA
G154_Denmark	G154_Denmark-ERR1884179	0	4	PE	NA	double	none	/cfs/klemming/projects/supr/archaeogenetics/pochonz/Phylogenetics/leprae/fastqs/ERR1884179_1.fastq.gz	/cfs/klemming/projects/supr/archaeogenetics/pochonz/Phylogenetics/leprae/fastqs/ERR1884179_2.fastq.gz	NA
G154_Denmark	G154_Denmark-ERR1884180	0	4	PE	NA	double	none	/cfs/klemming/projects/supr/archaeogenetics/pochonz/Phylogenetics/leprae/fastqs/ERR1884180_1.fastq.gz	/cfs/klemming/projects/supr/archaeogenetics/pochonz/Phylogenetics/leprae/fastqs/ERR1884180_2.fastq.gz	NA
Jorgen404_Denmark	Jorgen404_Denmark-ERR1880929	0	4	PE	NA	double	full	/cfs/klemming/projects/supr/archaeogenetics/pochonz/Phylogenetics/leprae/fastqs/ERR1880929_1.fastq.gz	/cfs/klemming/projects/supr/archaeogenetics/pochonz/Phylogenetics/leprae/fastqs/ERR1880929_2.fastq.gz	NA
Jorgen404_Denmark	Jorgen404_Denmark-ERR1883819	0	4	PE	NA	double	full	/cfs/klemming/projects/supr/archaeogenetics/pochonz/Phylogenetics/leprae/fastqs/ERR1883819_1.fastq.gz	/cfs/klemming/projects/supr/archaeogenetics/pochonz/Phylogenetics/leprae/fastqs/ERR1883819_2.fastq.gz	NA
Jorgen404_Denmark	Jorgen404_Denmark-ERR1883895	0	4	PE	NA	double	none	/cfs/klemming/projects/supr/archaeogenetics/pochonz/Phylogenetics/leprae/fastqs/ERR1883895_1.fastq.gz	/cfs/klemming/projects/supr/archaeogenetics/pochonz/Phylogenetics/leprae/fastqs/ERR1883895_2.fastq.gz	NA
Jorgen404_Denmark	Jorgen404_Denmark-ERR1884218	0	4	PE	NA	double	none	/cfs/klemming/projects/supr/archaeogenetics/pochonz/Phylogenetics/leprae/fastqs/ERR1884218_1.fastq.gz	/cfs/klemming/projects/supr/archaeogenetics/pochonz/Phylogenetics/leprae/fastqs/ERR1884218_2.fastq.gz	NA
Jorgen427_Denmark	Jorgen427_Denmark-ERR1880930	0	4	PE	NA	double	full	/cfs/klemming/projects/supr/archaeogenetics/pochonz/Phylogenetics/leprae/fastqs/ERR1880930_1.fastq.gz	/cfs/klemming/projects/supr/archaeogenetics/pochonz/Phylogenetics/leprae/fastqs/ERR1880930_2.fastq.gz	NA
Jorgen427_Denmark	Jorgen427_Denmark-ERR1883820	0	4	PE	NA	double	full	/cfs/klemming/projects/supr/archaeogenetics/pochonz/Phylogenetics/leprae/fastqs/ERR1883820_1.fastq.gz	/cfs/klemming/projects/supr/archaeogenetics/pochonz/Phylogenetics/leprae/fastqs/ERR1883820_2.fastq.gz	NA
Jorgen427_Denmark	Jorgen427_Denmark-ERR1884219	0	4	PE	NA	double	none	/cfs/klemming/projects/supr/archaeogenetics/pochonz/Phylogenetics/leprae/fastqs/ERR1884219_1.fastq.gz	/cfs/klemming/projects/supr/archaeogenetics/pochonz/Phylogenetics/leprae/fastqs/ERR1884219_2.fastq.gz	NA
Jorgen507_Denmark	Jorgen507_Denmark-ERR1880932	0	4	PE	NA	double	full	/cfs/klemming/projects/supr/archaeogenetics/pochonz/Phylogenetics/leprae/fastqs/ERR1880932_1.fastq.gz	/cfs/klemming/projects/supr/archaeogenetics/pochonz/Phylogenetics/leprae/fastqs/ERR1880932_2.fastq.gz	NA
Jorgen507_Denmark	Jorgen507_Denmark-ERR1883823	0	4	PE	NA	double	full	/cfs/klemming/projects/supr/archaeogenetics/pochonz/Phylogenetics/leprae/fastqs/ERR1883823_1.fastq.gz	/cfs/klemming/projects/supr/archaeogenetics/pochonz/Phylogenetics/leprae/fastqs/ERR1883823_2.fastq.gz	NA
Jorgen507_Denmark	Jorgen507_Denmark-ERR1883896	0	4	PE	NA	double	none	/cfs/klemming/projects/supr/archaeogenetics/pochonz/Phylogenetics/leprae/fastqs/ERR1883896_1.fastq.gz	/cfs/klemming/projects/supr/archaeogenetics/pochonz/Phylogenetics/leprae/fastqs/ERR1883896_2.fastq.gz	NA
Jorgen507_Denmark	Jorgen507_Denmark-ERR1884221	0	4	PE	NA	double	none	/cfs/klemming/projects/supr/archaeogenetics/pochonz/Phylogenetics/leprae/fastqs/ERR1884221_1.fastq.gz	/cfs/klemming/projects/supr/archaeogenetics/pochonz/Phylogenetics/leprae/fastqs/ERR1884221_2.fastq.gz	NA
Jorgen533_Denmark	Jorgen533_Denmark-ERR1884222	0	4	PE	NA	double	none	/cfs/klemming/projects/supr/archaeogenetics/pochonz/Phylogenetics/leprae/fastqs/ERR1884222_1.fastq.gz	/cfs/klemming/projects/supr/archaeogenetics/pochonz/Phylogenetics/leprae/fastqs/ERR1884222_2.fastq.gz	NA
Jorgen533_Denmark	Jorgen533_Denmark-ERR1884223	0	4	PE	NA	double	full	/cfs/klemming/projects/supr/archaeogenetics/pochonz/Phylogenetics/leprae/fastqs/ERR1884223_1.fastq.gz	/cfs/klemming/projects/supr/archaeogenetics/pochonz/Phylogenetics/leprae/fastqs/ERR1884223_2.fastq.gz	NA
Jorgen722_Denmark	Jorgen722_Denmark-ERR1883826	0	4	PE	NA	double	none	/cfs/klemming/projects/supr/archaeogenetics/pochonz/Phylogenetics/leprae/fastqs/ERR1883826_1.fastq.gz	/cfs/klemming/projects/supr/archaeogenetics/pochonz/Phylogenetics/leprae/fastqs/ERR1883826_2.fastq.gz	NA
Jorgen722_Denmark	Jorgen722_Denmark-ERR1883887	0	4	PE	NA	double	full	/cfs/klemming/projects/supr/archaeogenetics/pochonz/Phylogenetics/leprae/fastqs/ERR1883887_1.fastq.gz	/cfs/klemming/projects/supr/archaeogenetics/pochonz/Phylogenetics/leprae/fastqs/ERR1883887_2.fastq.gz	NA
Jorgen722_Denmark	Jorgen722_Denmark-ERR1883888	0	4	PE	NA	double	full	/cfs/klemming/projects/supr/archaeogenetics/pochonz/Phylogenetics/leprae/fastqs/ERR1883888_1.fastq.gz	/cfs/klemming/projects/supr/archaeogenetics/pochonz/Phylogenetics/leprae/fastqs/ERR1883888_2.fastq.gz	NA
Jorgen722_Denmark	Jorgen722_Denmark-ERR1884152	0	4	PE	NA	double	full	/cfs/klemming/projects/supr/archaeogenetics/pochonz/Phylogenetics/leprae/fastqs/ERR1884152_1.fastq.gz	/cfs/klemming/projects/supr/archaeogenetics/pochonz/Phylogenetics/leprae/fastqs/ERR1884152_2.fastq.gz	NA
Jorgen722_Denmark	Jorgen722_Denmark-ERR1884226	0	4	PE	NA	double	full	/cfs/klemming/projects/supr/archaeogenetics/pochonz/Phylogenetics/leprae/fastqs/ERR1884226_1.fastq.gz	/cfs/klemming/projects/supr/archaeogenetics/pochonz/Phylogenetics/leprae/fastqs/ERR1884226_2.fastq.gz	NA
Jorgen749_Denmark	Jorgen749_Denmark-ERR1884227	0	4	PE	NA	double	none	/cfs/klemming/projects/supr/archaeogenetics/pochonz/Phylogenetics/leprae/fastqs/ERR1884227_1.fastq.gz	/cfs/klemming/projects/supr/archaeogenetics/pochonz/Phylogenetics/leprae/fastqs/ERR1884227_2.fastq.gz	NA
Jorgen749_Denmark	Jorgen749_Denmark-ERR1884228	0	4	PE	NA	double	full	/cfs/klemming/projects/supr/archaeogenetics/pochonz/Phylogenetics/leprae/fastqs/ERR1884228_1.fastq.gz	/cfs/klemming/projects/supr/archaeogenetics/pochonz/Phylogenetics/leprae/fastqs/ERR1884228_2.fastq.gz	NA
G1083_Denmark	G1083_Denmark-ERR1884131	0	4	PE	NA	double	none	/cfs/klemming/projects/supr/archaeogenetics/pochonz/Phylogenetics/leprae/fastqs/ERR1884131_1.fastq.gz	/cfs/klemming/projects/supr/archaeogenetics/pochonz/Phylogenetics/leprae/fastqs/ERR1884131_2.fastq.gz	NA
G1083_Denmark	G1083_Denmark-ERR1884132	0	4	PE	NA	double	full	/cfs/klemming/projects/supr/archaeogenetics/pochonz/Phylogenetics/leprae/fastqs/ERR1884132_1.fastq.gz	/cfs/klemming/projects/supr/archaeogenetics/pochonz/Phylogenetics/leprae/fastqs/ERR1884132_2.fastq.gz	NA
G1083_Denmark	G1083_Denmark-ERR1883904	0	4	PE	NA	double	full	/cfs/klemming/projects/supr/archaeogenetics/pochonz/Phylogenetics/leprae/fastqs/ERR1883904_1.fastq.gz	/cfs/klemming/projects/supr/archaeogenetics/pochonz/Phylogenetics/leprae/fastqs/ERR1883904_2.fastq.gz	NA
G1149_Denmark	G1149_Denmark-ERR1883905	0	4	PE	NA	double	full	/cfs/klemming/projects/supr/archaeogenetics/pochonz/Phylogenetics/leprae/fastqs/ERR1883905_1.fastq.gz	/cfs/klemming/projects/supr/archaeogenetics/pochonz/Phylogenetics/leprae/fastqs/ERR1883905_2.fastq.gz	NA
G1149_Denmark	G1149_Denmark-ERR1883906	0	4	PE	NA	double	full	/cfs/klemming/projects/supr/archaeogenetics/pochonz/Phylogenetics/leprae/fastqs/ERR1883906_1.fastq.gz	/cfs/klemming/projects/supr/archaeogenetics/pochonz/Phylogenetics/leprae/fastqs/ERR1883906_2.fastq.gz	NA
G1149_Denmark	G1149_Denmark-ERR1883961	0	4	PE	NA	double	none	/cfs/klemming/projects/supr/archaeogenetics/pochonz/Phylogenetics/leprae/fastqs/ERR1883961_1.fastq.gz	/cfs/klemming/projects/supr/archaeogenetics/pochonz/Phylogenetics/leprae/fastqs/ERR1883961_2.fastq.gz	NA
G1149_Denmark	G1149_Denmark-ERR1883962	0	4	PE	NA	double	none	/cfs/klemming/projects/supr/archaeogenetics/pochonz/Phylogenetics/leprae/fastqs/ERR1883962_1.fastq.gz	/cfs/klemming/projects/supr/archaeogenetics/pochonz/Phylogenetics/leprae/fastqs/ERR1883962_2.fastq.gz	NA
G1149_Denmark	G1149_Denmark-ERR1884133	0	4	PE	NA	double	full	/cfs/klemming/projects/supr/archaeogenetics/pochonz/Phylogenetics/leprae/fastqs/ERR1884133_1.fastq.gz	/cfs/klemming/projects/supr/archaeogenetics/pochonz/Phylogenetics/leprae/fastqs/ERR1884133_2.fastq.gz	NA
SK92_Norway	SK92_Norway-ERR8050978	0	4	PE	NA	double	none	/cfs/klemming/projects/supr/archaeogenetics/pochonz/Phylogenetics/leprae/fastqs/ERR8050978_1.fastq.gz	/cfs/klemming/projects/supr/archaeogenetics/pochonz/Phylogenetics/leprae/fastqs/ERR8050978_2.fastq.gz	NA
SK11_Hungary	SK11_Hungary-SRR6263250	0	4	PE	NA	double	half	/cfs/klemming/projects/supr/archaeogenetics/pochonz/Phylogenetics/leprae/fastqs/SRR6263250_1.fastq.gz	/cfs/klemming/projects/supr/archaeogenetics/pochonz/Phylogenetics/leprae/fastqs/SRR6263250_2.fastq.gz	NA
SK11_Hungary	SK11_Hungary-SRR6263256	0	4	SE	NA	double	half	/cfs/klemming/projects/supr/archaeogenetics/pochonz/Phylogenetics/leprae/fastqs/SRR6263256.fastq.gz	NA	NA
T18_Italy	T18_Italy-SRR6263251	0	4	PE	NA	double	full	/cfs/klemming/projects/supr/archaeogenetics/pochonz/Phylogenetics/leprae/fastqs/SRR6263251_1.fastq.gz	/cfs/klemming/projects/supr/archaeogenetics/pochonz/Phylogenetics/leprae/fastqs/SRR6263251_2.fastq.gz	NA
T18_Italy	T18_Italy-SRR6263257	0	4	SE	NA	double	half	/cfs/klemming/projects/supr/archaeogenetics/pochonz/Phylogenetics/leprae/fastqs/SRR6263257.fastq.gz	NA	NA
Body188_Czechia	Body188_Czechia-SRR6263249	0	4	PE	NA	double	full	/cfs/klemming/projects/supr/archaeogenetics/pochonz/Phylogenetics/leprae/fastqs/SRR6263249_1.fastq.gz	/cfs/klemming/projects/supr/archaeogenetics/pochonz/Phylogenetics/leprae/fastqs/SRR6263249_2.fastq.gz	NA
Body188_Czechia	Body188_Czechia-SRR6263255	0	4	SE	NA	double	half	/cfs/klemming/projects/supr/archaeogenetics/pochonz/Phylogenetics/leprae/fastqs/SRR6263255.fastq.gz	NA	NA
GC96CU_UK	GC96CU_UK-SRR6263252	0	4	PE	NA	double	full	/cfs/klemming/projects/supr/archaeogenetics/pochonz/Phylogenetics/leprae/fastqs/SRR6263252_1.fastq.gz	/cfs/klemming/projects/supr/archaeogenetics/pochonz/Phylogenetics/leprae/fastqs/SRR6263252_2.fastq.gz	NA
GC96CU_UK	GC96CU_UK-SRR6263253	0	4	PE	NA	double	half	/cfs/klemming/projects/supr/archaeogenetics/pochonz/Phylogenetics/leprae/fastqs/SRR6263253_1.fastq.gz	/cfs/klemming/projects/supr/archaeogenetics/pochonz/Phylogenetics/leprae/fastqs/SRR6263253_2.fastq.gz	NA
GC96CU_UK	GC96CU_UK-SRR6263254	0	4	PE	NA	double	full	/cfs/klemming/projects/supr/archaeogenetics/pochonz/Phylogenetics/leprae/fastqs/SRR6263254_1.fastq.gz	/cfs/klemming/projects/supr/archaeogenetics/pochonz/Phylogenetics/leprae/fastqs/SRR6263254_2.fastq.gz	NA
BEL024_Belarus	BEL024_Belarus-SRR15512724	0	4	PE	NA	double	none	/cfs/klemming/projects/supr/archaeogenetics/pochonz/Phylogenetics/leprae/fastqs/SRR15512724_1.fastq.gz	/cfs/klemming/projects/supr/archaeogenetics/pochonz/Phylogenetics/leprae/fastqs/SRR15512724_2.fastq.gz	NA
Bergen_Norway	Bergen_Norway-SRR15512595	0	4	SE	NA	double	none	/cfs/klemming/projects/supr/archaeogenetics/pochonz/Phylogenetics/leprae/fastqs/SRR15512595.fastq.gz	NA	NA
Bergen_Norway	Bergen_Norway-SRR15512596	0	4	SE	NA	double	half	/cfs/klemming/projects/supr/archaeogenetics/pochonz/Phylogenetics/leprae/fastqs/SRR15512596.fastq.gz	NA	NA
Bergen_Norway	Bergen_Norway-SRR15512597	0	4	SE	NA	double	half	/cfs/klemming/projects/supr/archaeogenetics/pochonz/Phylogenetics/leprae/fastqs/SRR15512597.fastq.gz	NA	NA
Bergen_Norway	Bergen_Norway-SRR15512594	0	4	SE	NA	double	none	/cfs/klemming/projects/supr/archaeogenetics/pochonz/Phylogenetics/leprae/fastqs/SRR15512594.fastq.gz	NA	NA
CHRY023_UK	CHRY023_UK-SRR15512723	0	4	PE	NA	double	full	/cfs/klemming/projects/supr/archaeogenetics/pochonz/Phylogenetics/leprae/fastqs/SRR15512723_1.fastq.gz	/cfs/klemming/projects/supr/archaeogenetics/pochonz/Phylogenetics/leprae/fastqs/SRR15512723_2.fastq.gz	NA
CHRY023_UK	CHRY023_UK-SRR15512549	0	4	PE	NA	double	full	/cfs/klemming/projects/supr/archaeogenetics/pochonz/Phylogenetics/leprae/fastqs/SRR15512549_1.fastq.gz	/cfs/klemming/projects/supr/archaeogenetics/pochonz/Phylogenetics/leprae/fastqs/SRR15512549_2.fastq.gz	NA
CHRY044_UK	CHRY044_UK-SRR15512532	0	4	PE	NA	double	full	/cfs/klemming/projects/supr/archaeogenetics/pochonz/Phylogenetics/leprae/fastqs/SRR15512532_1.fastq.gz	/cfs/klemming/projects/supr/archaeogenetics/pochonz/Phylogenetics/leprae/fastqs/SRR15512532_2.fastq.gz	NA
COR_XVIII_Spain	COR_XVIII_Spain-SRR15512687	0	4	PE	NA	double	none	/cfs/klemming/projects/supr/archaeogenetics/pochonz/Phylogenetics/leprae/fastqs/SRR15512687_1.fastq.gz	/cfs/klemming/projects/supr/archaeogenetics/pochonz/Phylogenetics/leprae/fastqs/SRR15512687_2.fastq.gz	NA
COR_XVIII_Spain	COR_XVIII_Spain-SRR15512688	0	4	PE	NA	double	none	/cfs/klemming/projects/supr/archaeogenetics/pochonz/Phylogenetics/leprae/fastqs/SRR15512688_1.fastq.gz	/cfs/klemming/projects/supr/archaeogenetics/pochonz/Phylogenetics/leprae/fastqs/SRR15512688_2.fastq.gz	NA
COR_XVIII_Spain	COR_XVIII_Spain-SRR15512690	0	4	PE	NA	double	none	/cfs/klemming/projects/supr/archaeogenetics/pochonz/Phylogenetics/leprae/fastqs/SRR15512690_1.fastq.gz	/cfs/klemming/projects/supr/archaeogenetics/pochonz/Phylogenetics/leprae/fastqs/SRR15512690_2.fastq.gz	NA
COR_XVIII_Spain	COR_XVIII_Spain-SRR15512684	0	4	PE	NA	double	full	/cfs/klemming/projects/supr/archaeogenetics/pochonz/Phylogenetics/leprae/fastqs/SRR15512684_1.fastq.gz	/cfs/klemming/projects/supr/archaeogenetics/pochonz/Phylogenetics/leprae/fastqs/SRR15512684_2.fastq.gz	NA
COR_XVIII_Spain	COR_XVIII_Spain-SRR15512685	0	4	PE	NA	double	full	/cfs/klemming/projects/supr/archaeogenetics/pochonz/Phylogenetics/leprae/fastqs/SRR15512685_1.fastq.gz	/cfs/klemming/projects/supr/archaeogenetics/pochonz/Phylogenetics/leprae/fastqs/SRR15512685_2.fastq.gz	NA
COR_XVIII_Spain	COR_XVIII_Spain-SRR15512686	0	4	PE	NA	double	full	/cfs/klemming/projects/supr/archaeogenetics/pochonz/Phylogenetics/leprae/fastqs/SRR15512686_1.fastq.gz	/cfs/klemming/projects/supr/archaeogenetics/pochonz/Phylogenetics/leprae/fastqs/SRR15512686_2.fastq.gz	NA
EDI006_UK	EDI006_UK-SRR15512521	0	4	PE	NA	double	full	/cfs/klemming/projects/supr/archaeogenetics/pochonz/Phylogenetics/leprae/fastqs/SRR15512521_1.fastq.gz	/cfs/klemming/projects/supr/archaeogenetics/pochonz/Phylogenetics/leprae/fastqs/SRR15512521_2.fastq.gz	NA
JDS097_UK	JDS097_UK-SRR15512689	0	4	PE	NA	double	full	/cfs/klemming/projects/supr/archaeogenetics/pochonz/Phylogenetics/leprae/fastqs/SRR15512689_1.fastq.gz	/cfs/klemming/projects/supr/archaeogenetics/pochonz/Phylogenetics/leprae/fastqs/SRR15512689_2.fastq.gz	NA
KirkHill_Scotland	KirkHill_Scotland-SRR15512522	0	4	PE	NA	double	none	/cfs/klemming/projects/supr/archaeogenetics/pochonz/Phylogenetics/leprae/fastqs/SRR15512522_1.fastq.gz	/cfs/klemming/projects/supr/archaeogenetics/pochonz/Phylogenetics/leprae/fastqs/SRR15512522_2.fastq.gz	NA
KirkHill_Scotland	KirkHill_Scotland-SRR15512693	0	4	PE	NA	double	none	/cfs/klemming/projects/supr/archaeogenetics/pochonz/Phylogenetics/leprae/fastqs/SRR15512693_1.fastq.gz	/cfs/klemming/projects/supr/archaeogenetics/pochonz/Phylogenetics/leprae/fastqs/SRR15512693_2.fastq.gz	NA
KirkHill_Scotland	KirkHill_Scotland-SRR15512695	0	4	PE	NA	double	half	/cfs/klemming/projects/supr/archaeogenetics/pochonz/Phylogenetics/leprae/fastqs/SRR15512695_1.fastq.gz	/cfs/klemming/projects/supr/archaeogenetics/pochonz/Phylogenetics/leprae/fastqs/SRR15512695_2.fastq.gz	NA
KirkHill_Scotland	KirkHill_Scotland-SRR15512519	0	4	PE	NA	double	none	/cfs/klemming/projects/supr/archaeogenetics/pochonz/Phylogenetics/leprae/fastqs/SRR15512519_1.fastq.gz	/cfs/klemming/projects/supr/archaeogenetics/pochonz/Phylogenetics/leprae/fastqs/SRR15512519_2.fastq.gz	NA
KirkHill_Scotland	KirkHill_Scotland-SRR15512696	0	4	PE	NA	double	full	/cfs/klemming/projects/supr/archaeogenetics/pochonz/Phylogenetics/leprae/fastqs/SRR15512696_1.fastq.gz	/cfs/klemming/projects/supr/archaeogenetics/pochonz/Phylogenetics/leprae/fastqs/SRR15512696_2.fastq.gz	NA
KirkHill_Scotland	KirkHill_Scotland-SRR15512697	0	4	PE	NA	double	full	/cfs/klemming/projects/supr/archaeogenetics/pochonz/Phylogenetics/leprae/fastqs/SRR15512697_1.fastq.gz	/cfs/klemming/projects/supr/archaeogenetics/pochonz/Phylogenetics/leprae/fastqs/SRR15512697_2.fastq.gz	NA
KirkHill_Scotland	KirkHill_Scotland-SRR15512520	0	4	PE	NA	double	none	/cfs/klemming/projects/supr/archaeogenetics/pochonz/Phylogenetics/leprae/fastqs/SRR15512520_1.fastq.gz	/cfs/klemming/projects/supr/archaeogenetics/pochonz/Phylogenetics/leprae/fastqs/SRR15512520_2.fastq.gz	NA
KirkHill_Scotland	KirkHill_Scotland-SRR15512692	0	4	PE	NA	double	none	/cfs/klemming/projects/supr/archaeogenetics/pochonz/Phylogenetics/leprae/fastqs/SRR15512692_1.fastq.gz	/cfs/klemming/projects/supr/archaeogenetics/pochonz/Phylogenetics/leprae/fastqs/SRR15512692_2.fastq.gz	NA
KirkHill_Scotland	KirkHill_Scotland-SRR15512694	0	4	PE	NA	double	none	/cfs/klemming/projects/supr/archaeogenetics/pochonz/Phylogenetics/leprae/fastqs/SRR15512694_1.fastq.gz	/cfs/klemming/projects/supr/archaeogenetics/pochonz/Phylogenetics/leprae/fastqs/SRR15512694_2.fastq.gz	NA
PAVd09_I.5_Portugal	PAVd09_I.5_Portugal-SRR15512575	0	4	SE	NA	double	none	/cfs/klemming/projects/supr/archaeogenetics/pochonz/Phylogenetics/leprae/fastqs/SRR15512575.fastq.gz	NA	NA
PAVd09_I.5_Portugal	PAVd09_I.5_Portugal-SRR15512576	0	4	SE	NA	double	none	/cfs/klemming/projects/supr/archaeogenetics/pochonz/Phylogenetics/leprae/fastqs/SRR15512576.fastq.gz	NA	NA
PAVd09_I.5_Portugal	PAVd09_I.5_Portugal-SRR15512578	0	4	SE	NA	double	none	/cfs/klemming/projects/supr/archaeogenetics/pochonz/Phylogenetics/leprae/fastqs/SRR15512578.fastq.gz	NA	NA
PAVd09_I.5_Portugal	PAVd09_I.5_Portugal-SRR15512579	0	4	SE	NA	double	none	/cfs/klemming/projects/supr/archaeogenetics/pochonz/Phylogenetics/leprae/fastqs/SRR15512579.fastq.gz	NA	NA
PAVd09_I.5_Portugal	PAVd09_I.5_Portugal-SRR15512580	0	4	SE	NA	double	half	/cfs/klemming/projects/supr/archaeogenetics/pochonz/Phylogenetics/leprae/fastqs/SRR15512580.fastq.gz	NA	NA
PAVd09_I.5_Portugal	PAVd09_I.5_Portugal-SRR15512583	0	4	SE	NA	double	half	/cfs/klemming/projects/supr/archaeogenetics/pochonz/Phylogenetics/leprae/fastqs/SRR15512583.fastq.gz	NA	NA
PAVd09_I.5_Portugal	PAVd09_I.5_Portugal-SRR15512585	0	4	SE	NA	double	half	/cfs/klemming/projects/supr/archaeogenetics/pochonz/Phylogenetics/leprae/fastqs/SRR15512585.fastq.gz	NA	NA
PAVd09_I.5_Portugal	PAVd09_I.5_Portugal-SRR15512586	0	4	SE	NA	double	half	/cfs/klemming/projects/supr/archaeogenetics/pochonz/Phylogenetics/leprae/fastqs/SRR15512586.fastq.gz	NA	NA
PAVd09_I.5_Portugal	PAVd09_I.5_Portugal-SRR15512587	0	4	SE	NA	double	half	/cfs/klemming/projects/supr/archaeogenetics/pochonz/Phylogenetics/leprae/fastqs/SRR15512587.fastq.gz	NA	NA
PAVd09_I.5_Portugal	PAVd09_I.5_Portugal-SRR15512588	0	4	SE	NA	double	half	/cfs/klemming/projects/supr/archaeogenetics/pochonz/Phylogenetics/leprae/fastqs/SRR15512588.fastq.gz	NA	NA
PAVd09_I.5_Portugal	PAVd09_I.5_Portugal-SRR15512589	0	4	SE	NA	double	half	/cfs/klemming/projects/supr/archaeogenetics/pochonz/Phylogenetics/leprae/fastqs/SRR15512589.fastq.gz	NA	NA
PAVd09_I.5_Portugal	PAVd09_I.5_Portugal-SRR15512590	0	4	SE	NA	double	full	/cfs/klemming/projects/supr/archaeogenetics/pochonz/Phylogenetics/leprae/fastqs/SRR15512590.fastq.gz	NA	NA
PAVd09_I.5_Portugal	PAVd09_I.5_Portugal-SRR15512591	0	4	SE	NA	double	half	/cfs/klemming/projects/supr/archaeogenetics/pochonz/Phylogenetics/leprae/fastqs/SRR15512591.fastq.gz	NA	NA
PAVd09_I.5_Portugal	PAVd09_I.5_Portugal-SRR15512592	0	4	SE	NA	double	half	/cfs/klemming/projects/supr/archaeogenetics/pochonz/Phylogenetics/leprae/fastqs/SRR15512592.fastq.gz	NA	NA
PAVd09_I.5_Portugal	PAVd09_I.5_Portugal-SRR15512577	0	4	SE	NA	double	half	/cfs/klemming/projects/supr/archaeogenetics/pochonz/Phylogenetics/leprae/fastqs/SRR15512577.fastq.gz	NA	NA
PAVd09_I.5_Portugal	PAVd09_I.5_Portugal-SRR15512581	0	4	SE	NA	double	half	/cfs/klemming/projects/supr/archaeogenetics/pochonz/Phylogenetics/leprae/fastqs/SRR15512581.fastq.gz	NA	NA
PAVd09_I.5_Portugal	PAVd09_I.5_Portugal-SRR15512584	0	4	SE	NA	double	half	/cfs/klemming/projects/supr/archaeogenetics/pochonz/Phylogenetics/leprae/fastqs/SRR15512584.fastq.gz	NA	NA
R7546-671_Russia	R7546-671_Russia-SRR15512542	0	4	PE	NA	double	none	/cfs/klemming/projects/supr/archaeogenetics/pochonz/Phylogenetics/leprae/fastqs/SRR15512542_1.fastq.gz	/cfs/klemming/projects/supr/archaeogenetics/pochonz/Phylogenetics/leprae/fastqs/SRR15512542_2.fastq.gz	NA
R7546-671_Russia	R7546-671_Russia-SRR15512559	0	4	SE	NA	double	none	/cfs/klemming/projects/supr/archaeogenetics/pochonz/Phylogenetics/leprae/fastqs/SRR15512559.fastq.gz	NA	NA
R7546-671_Russia	R7546-671_Russia-SRR15512561	0	4	SE	NA	double	none	/cfs/klemming/projects/supr/archaeogenetics/pochonz/Phylogenetics/leprae/fastqs/SRR15512561.fastq.gz	NA	NA
R7546-671_Russia	R7546-671_Russia-SRR15512563	0	4	SE	NA	double	half	/cfs/klemming/projects/supr/archaeogenetics/pochonz/Phylogenetics/leprae/fastqs/SRR15512563.fastq.gz	NA	NA
R7546-671_Russia	R7546-671_Russia-SRR15512565	0	4	SE	NA	double	none	/cfs/klemming/projects/supr/archaeogenetics/pochonz/Phylogenetics/leprae/fastqs/SRR15512565.fastq.gz	NA	NA
R7546-671_Russia	R7546-671_Russia-SRR15512566	0	4	SE	NA	double	half	/cfs/klemming/projects/supr/archaeogenetics/pochonz/Phylogenetics/leprae/fastqs/SRR15512566.fastq.gz	NA	NA
R7546-671_Russia	R7546-671_Russia-SRR15512567	0	4	SE	NA	double	half	/cfs/klemming/projects/supr/archaeogenetics/pochonz/Phylogenetics/leprae/fastqs/SRR15512567.fastq.gz	NA	NA
R7546-671_Russia	R7546-671_Russia-SRR15512568	0	4	SE	NA	double	half	/cfs/klemming/projects/supr/archaeogenetics/pochonz/Phylogenetics/leprae/fastqs/SRR15512568.fastq.gz	NA	NA
R7546-671_Russia	R7546-671_Russia-SRR15512569	0	4	SE	NA	double	half	/cfs/klemming/projects/supr/archaeogenetics/pochonz/Phylogenetics/leprae/fastqs/SRR15512569.fastq.gz	NA	NA
R7546-671_Russia	R7546-671_Russia-SRR15512682	0	4	PE	NA	double	none	/cfs/klemming/projects/supr/archaeogenetics/pochonz/Phylogenetics/leprae/fastqs/SRR15512682_1.fastq.gz	/cfs/klemming/projects/supr/archaeogenetics/pochonz/Phylogenetics/leprae/fastqs/SRR15512682_2.fastq.gz	NA
R7546-671_Russia	R7546-671_Russia-SRR15512562	0	4	SE	NA	double	half	/cfs/klemming/projects/supr/archaeogenetics/pochonz/Phylogenetics/leprae/fastqs/SRR15512562.fastq.gz	NA	NA
R7546-671_Russia	R7546-671_Russia-SRR15512564	0	4	SE	NA	double	half	/cfs/klemming/projects/supr/archaeogenetics/pochonz/Phylogenetics/leprae/fastqs/SRR15512564.fastq.gz	NA	NA
R7546-671_Russia	R7546-671_Russia-SRR15512683	0	4	PE	NA	double	none	/cfs/klemming/projects/supr/archaeogenetics/pochonz/Phylogenetics/leprae/fastqs/SRR15512683_1.fastq.gz	/cfs/klemming/projects/supr/archaeogenetics/pochonz/Phylogenetics/leprae/fastqs/SRR15512683_2.fastq.gz	NA
UF101_Spain	UF101_Spain-SRR15512636	0	4	PE	NA	double	none	/cfs/klemming/projects/supr/archaeogenetics/pochonz/Phylogenetics/leprae/fastqs/SRR15512636_1.fastq.gz	/cfs/klemming/projects/supr/archaeogenetics/pochonz/Phylogenetics/leprae/fastqs/SRR15512636_2.fastq.gz	NA
UF101_Spain	UF101_Spain-SRR15512637	0	4	PE	NA	double	none	/cfs/klemming/projects/supr/archaeogenetics/pochonz/Phylogenetics/leprae/fastqs/SRR15512637_1.fastq.gz	/cfs/klemming/projects/supr/archaeogenetics/pochonz/Phylogenetics/leprae/fastqs/SRR15512637_2.fastq.gz	NA
UF101_Spain	UF101_Spain-SRR15512638	0	4	PE	NA	double	full	/cfs/klemming/projects/supr/archaeogenetics/pochonz/Phylogenetics/leprae/fastqs/SRR15512638_1.fastq.gz	/cfs/klemming/projects/supr/archaeogenetics/pochonz/Phylogenetics/leprae/fastqs/SRR15512638_2.fastq.gz	NA
UF101_Spain	UF101_Spain-SRR15512639	0	4	PE	NA	double	full	/cfs/klemming/projects/supr/archaeogenetics/pochonz/Phylogenetics/leprae/fastqs/SRR15512639_1.fastq.gz	/cfs/klemming/projects/supr/archaeogenetics/pochonz/Phylogenetics/leprae/fastqs/SRR15512639_2.fastq.gz	NA
UF101_Spain	UF101_Spain-SRR15512640	0	4	PE	NA	double	full	/cfs/klemming/projects/supr/archaeogenetics/pochonz/Phylogenetics/leprae/fastqs/SRR15512640_1.fastq.gz	/cfs/klemming/projects/supr/archaeogenetics/pochonz/Phylogenetics/leprae/fastqs/SRR15512640_2.fastq.gz	NA
UF11_Spain	UF11_Spain-SRR15512654	0	4	PE	NA	double	none	/cfs/klemming/projects/supr/archaeogenetics/pochonz/Phylogenetics/leprae/fastqs/SRR15512654_1.fastq.gz	/cfs/klemming/projects/supr/archaeogenetics/pochonz/Phylogenetics/leprae/fastqs/SRR15512654_2.fastq.gz	NA
UF11_Spain	UF11_Spain-SRR15512659	0	4	PE	NA	double	none	/cfs/klemming/projects/supr/archaeogenetics/pochonz/Phylogenetics/leprae/fastqs/SRR15512659_1.fastq.gz	/cfs/klemming/projects/supr/archaeogenetics/pochonz/Phylogenetics/leprae/fastqs/SRR15512659_2.fastq.gz	NA
UF11_Spain	UF11_Spain-SRR15512655	0	4	PE	NA	double	full	/cfs/klemming/projects/supr/archaeogenetics/pochonz/Phylogenetics/leprae/fastqs/SRR15512655_1.fastq.gz	/cfs/klemming/projects/supr/archaeogenetics/pochonz/Phylogenetics/leprae/fastqs/SRR15512655_2.fastq.gz	NA
UF11_Spain	UF11_Spain-SRR15512657	0	4	PE	NA	double	full	/cfs/klemming/projects/supr/archaeogenetics/pochonz/Phylogenetics/leprae/fastqs/SRR15512657_1.fastq.gz	/cfs/klemming/projects/supr/archaeogenetics/pochonz/Phylogenetics/leprae/fastqs/SRR15512657_2.fastq.gz	NA
UF11_Spain	UF11_Spain-SRR15512658	0	4	PE	NA	double	half	/cfs/klemming/projects/supr/archaeogenetics/pochonz/Phylogenetics/leprae/fastqs/SRR15512658_1.fastq.gz	/cfs/klemming/projects/supr/archaeogenetics/pochonz/Phylogenetics/leprae/fastqs/SRR15512658_2.fastq.gz	NA
UF21_Spain	UF21_Spain-SRR15512651	0	4	PE	NA	double	none	/cfs/klemming/projects/supr/archaeogenetics/pochonz/Phylogenetics/leprae/fastqs/SRR15512651_1.fastq.gz	/cfs/klemming/projects/supr/archaeogenetics/pochonz/Phylogenetics/leprae/fastqs/SRR15512651_2.fastq.gz	NA
UF21_Spain	UF21_Spain-SRR15512652	0	4	PE	NA	double	none	/cfs/klemming/projects/supr/archaeogenetics/pochonz/Phylogenetics/leprae/fastqs/SRR15512652_1.fastq.gz	/cfs/klemming/projects/supr/archaeogenetics/pochonz/Phylogenetics/leprae/fastqs/SRR15512652_2.fastq.gz	NA
UF21_Spain	UF21_Spain-SRR15512648	0	4	PE	NA	double	half	/cfs/klemming/projects/supr/archaeogenetics/pochonz/Phylogenetics/leprae/fastqs/SRR15512648_1.fastq.gz	/cfs/klemming/projects/supr/archaeogenetics/pochonz/Phylogenetics/leprae/fastqs/SRR15512648_2.fastq.gz	NA
UF21_Spain	UF21_Spain-SRR15512649	0	4	PE	NA	double	half	/cfs/klemming/projects/supr/archaeogenetics/pochonz/Phylogenetics/leprae/fastqs/SRR15512649_1.fastq.gz	/cfs/klemming/projects/supr/archaeogenetics/pochonz/Phylogenetics/leprae/fastqs/SRR15512649_2.fastq.gz	NA
UF21_Spain	UF21_Spain-SRR15512650	0	4	PE	NA	double	half	/cfs/klemming/projects/supr/archaeogenetics/pochonz/Phylogenetics/leprae/fastqs/SRR15512650_1.fastq.gz	/cfs/klemming/projects/supr/archaeogenetics/pochonz/Phylogenetics/leprae/fastqs/SRR15512650_2.fastq.gz	NA
UF25_Spain	UF25_Spain-SRR15512642	0	4	PE	NA	double	none	/cfs/klemming/projects/supr/archaeogenetics/pochonz/Phylogenetics/leprae/fastqs/SRR15512642_1.fastq.gz	/cfs/klemming/projects/supr/archaeogenetics/pochonz/Phylogenetics/leprae/fastqs/SRR15512642_2.fastq.gz	NA
UF25_Spain	UF25_Spain-SRR15512647	0	4	PE	NA	double	none	/cfs/klemming/projects/supr/archaeogenetics/pochonz/Phylogenetics/leprae/fastqs/SRR15512647_1.fastq.gz	/cfs/klemming/projects/supr/archaeogenetics/pochonz/Phylogenetics/leprae/fastqs/SRR15512647_2.fastq.gz	NA
UF25_Spain	UF25_Spain-SRR15512643	0	4	PE	NA	double	full	/cfs/klemming/projects/supr/archaeogenetics/pochonz/Phylogenetics/leprae/fastqs/SRR15512643_1.fastq.gz	/cfs/klemming/projects/supr/archaeogenetics/pochonz/Phylogenetics/leprae/fastqs/SRR15512643_2.fastq.gz	NA
UF25_Spain	UF25_Spain-SRR15512644	0	4	PE	NA	double	full	/cfs/klemming/projects/supr/archaeogenetics/pochonz/Phylogenetics/leprae/fastqs/SRR15512644_1.fastq.gz	/cfs/klemming/projects/supr/archaeogenetics/pochonz/Phylogenetics/leprae/fastqs/SRR15512644_2.fastq.gz	NA
UF25_Spain	UF25_Spain-SRR15512646	0	4	PE	NA	double	full	/cfs/klemming/projects/supr/archaeogenetics/pochonz/Phylogenetics/leprae/fastqs/SRR15512646_1.fastq.gz	/cfs/klemming/projects/supr/archaeogenetics/pochonz/Phylogenetics/leprae/fastqs/SRR15512646_2.fastq.gz	NA
UF700_Spain	UF700_Spain-SRR15512713	0	4	PE	NA	double	none	/cfs/klemming/projects/supr/archaeogenetics/pochonz/Phylogenetics/leprae/fastqs/SRR15512713_1.fastq.gz	/cfs/klemming/projects/supr/archaeogenetics/pochonz/Phylogenetics/leprae/fastqs/SRR15512713_2.fastq.gz	NA
UF700_Spain	UF700_Spain-SRR15512714	0	4	PE	NA	double	none	/cfs/klemming/projects/supr/archaeogenetics/pochonz/Phylogenetics/leprae/fastqs/SRR15512714_1.fastq.gz	/cfs/klemming/projects/supr/archaeogenetics/pochonz/Phylogenetics/leprae/fastqs/SRR15512714_2.fastq.gz	NA
UF700_Spain	UF700_Spain-SRR15512715	0	4	PE	NA	double	full	/cfs/klemming/projects/supr/archaeogenetics/pochonz/Phylogenetics/leprae/fastqs/SRR15512715_1.fastq.gz	/cfs/klemming/projects/supr/archaeogenetics/pochonz/Phylogenetics/leprae/fastqs/SRR15512715_2.fastq.gz	NA
UF700_Spain	UF700_Spain-SRR15512716	0	4	PE	NA	double	full	/cfs/klemming/projects/supr/archaeogenetics/pochonz/Phylogenetics/leprae/fastqs/SRR15512716_1.fastq.gz	/cfs/klemming/projects/supr/archaeogenetics/pochonz/Phylogenetics/leprae/fastqs/SRR15512716_2.fastq.gz	NA
UF700_Spain	UF700_Spain-SRR15512717	0	4	PE	NA	double	full	/cfs/klemming/projects/supr/archaeogenetics/pochonz/Phylogenetics/leprae/fastqs/SRR15512717_1.fastq.gz	/cfs/klemming/projects/supr/archaeogenetics/pochonz/Phylogenetics/leprae/fastqs/SRR15512717_2.fastq.gz	NA
UF703_Spain	UF703_Spain-SRR15512701	0	4	PE	NA	double	none	/cfs/klemming/projects/supr/archaeogenetics/pochonz/Phylogenetics/leprae/fastqs/SRR15512701_1.fastq.gz	/cfs/klemming/projects/supr/archaeogenetics/pochonz/Phylogenetics/leprae/fastqs/SRR15512701_2.fastq.gz	NA
UF703_Spain	UF703_Spain-SRR15512705	0	4	PE	NA	double	none	/cfs/klemming/projects/supr/archaeogenetics/pochonz/Phylogenetics/leprae/fastqs/SRR15512705_1.fastq.gz	/cfs/klemming/projects/supr/archaeogenetics/pochonz/Phylogenetics/leprae/fastqs/SRR15512705_2.fastq.gz	NA
UF703_Spain	UF703_Spain-SRR15512702	0	4	PE	NA	double	half	/cfs/klemming/projects/supr/archaeogenetics/pochonz/Phylogenetics/leprae/fastqs/SRR15512702_1.fastq.gz	/cfs/klemming/projects/supr/archaeogenetics/pochonz/Phylogenetics/leprae/fastqs/SRR15512702_2.fastq.gz	NA
UF703_Spain	UF703_Spain-SRR15512703	0	4	PE	NA	double	half	/cfs/klemming/projects/supr/archaeogenetics/pochonz/Phylogenetics/leprae/fastqs/SRR15512703_1.fastq.gz	/cfs/klemming/projects/supr/archaeogenetics/pochonz/Phylogenetics/leprae/fastqs/SRR15512703_2.fastq.gz	NA
UF703_Spain	UF703_Spain-SRR15512704	0	4	PE	NA	double	half	/cfs/klemming/projects/supr/archaeogenetics/pochonz/Phylogenetics/leprae/fastqs/SRR15512704_1.fastq.gz	/cfs/klemming/projects/supr/archaeogenetics/pochonz/Phylogenetics/leprae/fastqs/SRR15512704_2.fastq.gz	NA
UF8_Spain	UF8_Spain-SRR15512660	0	4	PE	NA	double	none	/cfs/klemming/projects/supr/archaeogenetics/pochonz/Phylogenetics/leprae/fastqs/SRR15512660_1.fastq.gz	/cfs/klemming/projects/supr/archaeogenetics/pochonz/Phylogenetics/leprae/fastqs/SRR15512660_2.fastq.gz	NA
UF8_Spain	UF8_Spain-SRR15512664	0	4	PE	NA	double	none	/cfs/klemming/projects/supr/archaeogenetics/pochonz/Phylogenetics/leprae/fastqs/SRR15512664_1.fastq.gz	/cfs/klemming/projects/supr/archaeogenetics/pochonz/Phylogenetics/leprae/fastqs/SRR15512664_2.fastq.gz	NA
UF8_Spain	UF8_Spain-SRR15512661	0	4	PE	NA	double	full	/cfs/klemming/projects/supr/archaeogenetics/pochonz/Phylogenetics/leprae/fastqs/SRR15512661_1.fastq.gz	/cfs/klemming/projects/supr/archaeogenetics/pochonz/Phylogenetics/leprae/fastqs/SRR15512661_2.fastq.gz	NA
UF8_Spain	UF8_Spain-SRR15512662	0	4	PE	NA	double	half	/cfs/klemming/projects/supr/archaeogenetics/pochonz/Phylogenetics/leprae/fastqs/SRR15512662_1.fastq.gz	/cfs/klemming/projects/supr/archaeogenetics/pochonz/Phylogenetics/leprae/fastqs/SRR15512662_2.fastq.gz	NA
UF8_Spain	UF8_Spain-SRR15512663	0	4	PE	NA	double	half	/cfs/klemming/projects/supr/archaeogenetics/pochonz/Phylogenetics/leprae/fastqs/SRR15512663_1.fastq.gz	/cfs/klemming/projects/supr/archaeogenetics/pochonz/Phylogenetics/leprae/fastqs/SRR15512663_2.fastq.gz	NA
UF800_Spain	UF800_Spain-SRR15512627	0	4	PE	NA	double	none	/cfs/klemming/projects/supr/archaeogenetics/pochonz/Phylogenetics/leprae/fastqs/SRR15512627_1.fastq.gz	/cfs/klemming/projects/supr/archaeogenetics/pochonz/Phylogenetics/leprae/fastqs/SRR15512627_2.fastq.gz	NA
UF800_Spain	UF800_Spain-SRR15512628	0	4	PE	NA	double	none	/cfs/klemming/projects/supr/archaeogenetics/pochonz/Phylogenetics/leprae/fastqs/SRR15512628_1.fastq.gz	/cfs/klemming/projects/supr/archaeogenetics/pochonz/Phylogenetics/leprae/fastqs/SRR15512628_2.fastq.gz	NA
UF800_Spain	UF800_Spain-SRR15512629	0	4	PE	NA	double	full	/cfs/klemming/projects/supr/archaeogenetics/pochonz/Phylogenetics/leprae/fastqs/SRR15512629_1.fastq.gz	/cfs/klemming/projects/supr/archaeogenetics/pochonz/Phylogenetics/leprae/fastqs/SRR15512629_2.fastq.gz	NA
UF800_Spain	UF800_Spain-SRR15512630	0	4	PE	NA	double	full	/cfs/klemming/projects/supr/archaeogenetics/pochonz/Phylogenetics/leprae/fastqs/SRR15512630_1.fastq.gz	/cfs/klemming/projects/supr/archaeogenetics/pochonz/Phylogenetics/leprae/fastqs/SRR15512630_2.fastq.gz	NA
UF800_Spain	UF800_Spain-SRR15512631	0	4	PE	NA	double	full	/cfs/klemming/projects/supr/archaeogenetics/pochonz/Phylogenetics/leprae/fastqs/SRR15512631_1.fastq.gz	/cfs/klemming/projects/supr/archaeogenetics/pochonz/Phylogenetics/leprae/fastqs/SRR15512631_2.fastq.gz	NA
UF800_Spain	UF800_Spain-SRR15512632	0	4	PE	NA	double	full	/cfs/klemming/projects/supr/archaeogenetics/pochonz/Phylogenetics/leprae/fastqs/SRR15512632_1.fastq.gz	/cfs/klemming/projects/supr/archaeogenetics/pochonz/Phylogenetics/leprae/fastqs/SRR15512632_2.fastq.gz	NA
UF800_Spain	UF800_Spain-SRR15512633	0	4	PE	NA	double	full	/cfs/klemming/projects/supr/archaeogenetics/pochonz/Phylogenetics/leprae/fastqs/SRR15512633_1.fastq.gz	/cfs/klemming/projects/supr/archaeogenetics/pochonz/Phylogenetics/leprae/fastqs/SRR15512633_2.fastq.gz	NA
UF800_Spain	UF800_Spain-SRR15512634	0	4	PE	NA	double	full	/cfs/klemming/projects/supr/archaeogenetics/pochonz/Phylogenetics/leprae/fastqs/SRR15512634_1.fastq.gz	/cfs/klemming/projects/supr/archaeogenetics/pochonz/Phylogenetics/leprae/fastqs/SRR15512634_2.fastq.gz	NA
UF800_Spain	UF800_Spain-SRR15512698	0	4	PE	NA	double	full	/cfs/klemming/projects/supr/archaeogenetics/pochonz/Phylogenetics/leprae/fastqs/SRR15512698_1.fastq.gz	/cfs/klemming/projects/supr/archaeogenetics/pochonz/Phylogenetics/leprae/fastqs/SRR15512698_2.fastq.gz	NA
UF800_Spain	UF800_Spain-SRR15512699	0	4	PE	NA	double	full	/cfs/klemming/projects/supr/archaeogenetics/pochonz/Phylogenetics/leprae/fastqs/SRR15512699_1.fastq.gz	/cfs/klemming/projects/supr/archaeogenetics/pochonz/Phylogenetics/leprae/fastqs/SRR15512699_2.fastq.gz	NA
UF803_Spain	UF803_Spain-SRR15512612	0	4	PE	NA	double	none	/cfs/klemming/projects/supr/archaeogenetics/pochonz/Phylogenetics/leprae/fastqs/SRR15512612_1.fastq.gz	/cfs/klemming/projects/supr/archaeogenetics/pochonz/Phylogenetics/leprae/fastqs/SRR15512612_2.fastq.gz	NA
UF803_Spain	UF803_Spain-SRR15512617	0	4	PE	NA	double	none	/cfs/klemming/projects/supr/archaeogenetics/pochonz/Phylogenetics/leprae/fastqs/SRR15512617_1.fastq.gz	/cfs/klemming/projects/supr/archaeogenetics/pochonz/Phylogenetics/leprae/fastqs/SRR15512617_2.fastq.gz	NA
UF803_Spain	UF803_Spain-SRR15512609	0	4	PE	NA	double	full	/cfs/klemming/projects/supr/archaeogenetics/pochonz/Phylogenetics/leprae/fastqs/SRR15512609_1.fastq.gz	/cfs/klemming/projects/supr/archaeogenetics/pochonz/Phylogenetics/leprae/fastqs/SRR15512609_2.fastq.gz	NA
UF803_Spain	UF803_Spain-SRR15512610	0	4	PE	NA	double	full	/cfs/klemming/projects/supr/archaeogenetics/pochonz/Phylogenetics/leprae/fastqs/SRR15512610_1.fastq.gz	/cfs/klemming/projects/supr/archaeogenetics/pochonz/Phylogenetics/leprae/fastqs/SRR15512610_2.fastq.gz	NA
UF803_Spain	UF803_Spain-SRR15512611	0	4	PE	NA	double	full	/cfs/klemming/projects/supr/archaeogenetics/pochonz/Phylogenetics/leprae/fastqs/SRR15512611_1.fastq.gz	/cfs/klemming/projects/supr/archaeogenetics/pochonz/Phylogenetics/leprae/fastqs/SRR15512611_2.fastq.gz	NA
UF803_Spain	UF803_Spain-SRR15512613	0	4	PE	NA	double	full	/cfs/klemming/projects/supr/archaeogenetics/pochonz/Phylogenetics/leprae/fastqs/SRR15512613_1.fastq.gz	/cfs/klemming/projects/supr/archaeogenetics/pochonz/Phylogenetics/leprae/fastqs/SRR15512613_2.fastq.gz	NA
UF803_Spain	UF803_Spain-SRR15512614	0	4	PE	NA	double	half	/cfs/klemming/projects/supr/archaeogenetics/pochonz/Phylogenetics/leprae/fastqs/SRR15512614_1.fastq.gz	/cfs/klemming/projects/supr/archaeogenetics/pochonz/Phylogenetics/leprae/fastqs/SRR15512614_2.fastq.gz	NA
UF803_Spain	UF803_Spain-SRR15512616	0	4	PE	NA	double	half	/cfs/klemming/projects/supr/archaeogenetics/pochonz/Phylogenetics/leprae/fastqs/SRR15512616_1.fastq.gz	/cfs/klemming/projects/supr/archaeogenetics/pochonz/Phylogenetics/leprae/fastqs/SRR15512616_2.fastq.gz	NA
G83T_Germany	G83T_Germany-ERR7563587	0	4	PE	NA	double	half	/cfs/klemming/projects/supr/archaeogenetics/pochonz/Phylogenetics/leprae/fastqs/ERR7563587_1.fastq.gz	/cfs/klemming/projects/supr/archaeogenetics/pochonz/Phylogenetics/leprae/fastqs/ERR7563587_2.fastq.gz	NA
G83T_Germany	G83T_Germany-ERR7564468	0	4	PE	NA	double	half	/cfs/klemming/projects/supr/archaeogenetics/pochonz/Phylogenetics/leprae/fastqs/ERR7564468_1.fastq.gz	/cfs/klemming/projects/supr/archaeogenetics/pochonz/Phylogenetics/leprae/fastqs/ERR7564468_2.fastq.gz	NA
G83T_Germany	G83T_Germany-ERR7564473	0	4	PE	NA	double	half	/cfs/klemming/projects/supr/archaeogenetics/pochonz/Phylogenetics/leprae/fastqs/ERR7564473_1.fastq.gz	/cfs/klemming/projects/supr/archaeogenetics/pochonz/Phylogenetics/leprae/fastqs/ERR7564473_2.fastq.gz	NA
G83T_Germany	G83T_Germany-ERR7566245	0	4	PE	NA	double	half	/cfs/klemming/projects/supr/archaeogenetics/pochonz/Phylogenetics/leprae/fastqs/ERR7566245_1.fastq.gz	/cfs/klemming/projects/supr/archaeogenetics/pochonz/Phylogenetics/leprae/fastqs/ERR7566245_2.fastq.gz	NA
G83T_Germany	G83T_Germany-ERR7566247	0	4	PE	NA	double	full	/cfs/klemming/projects/supr/archaeogenetics/pochonz/Phylogenetics/leprae/fastqs/ERR7566247_1.fastq.gz	/cfs/klemming/projects/supr/archaeogenetics/pochonz/Phylogenetics/leprae/fastqs/ERR7566247_2.fastq.gz	NA
Abusir1630_Egypt	Abusir1630_Egypt-ERR4374948	0	4	PE	NA	double	none	/cfs/klemming/projects/supr/archaeogenetics/pochonz/Phylogenetics/leprae/fastqs/ERR4374948_1.fastq.gz	/cfs/klemming/projects/supr/archaeogenetics/pochonz/Phylogenetics/leprae/fastqs/ERR4374948_2.fastq.gz	NA
Abusir1630_Egypt	Abusir1630_Egypt-ERR4375144	0	4	SE	NA	double	full	/cfs/klemming/projects/supr/archaeogenetics/pochonz/Phylogenetics/leprae/fastqs/ERR4375144.fastq.gz	NA	NA
Abusir1630_Egypt	Abusir1630_Egypt-ERR4383828	0	4	SE	NA	double	full	/cfs/klemming/projects/supr/archaeogenetics/pochonz/Phylogenetics/leprae/fastqs/ERR4383828.fastq.gz	NA	NA
Abusir1630_Egypt	Abusir1630_Egypt-ERR4383829	0	4	SE	NA	double	full	/cfs/klemming/projects/supr/archaeogenetics/pochonz/Phylogenetics/leprae/fastqs/ERR4383829.fastq.gz	NA	NA
Ml2-10	Ml2-10-Ml2-10	0	4	SE	NA	double	full	/cfs/klemming/projects/supr/archaeogenetics/pochonz/Phylogenetics/leprae/fastqs/SRR3330052_1.fastq.gz	NA	NA
Ml6-50	Ml6-50-Ml6-50	0	4	SE	NA	double	full	/cfs/klemming/projects/supr/archaeogenetics/pochonz/Phylogenetics/leprae/fastqs/SRR3330053_1.fastq.gz	NA	NA
Ml6-55	Ml6-55-Ml6-55	0	4	SE	NA	double	full	/cfs/klemming/projects/supr/archaeogenetics/pochonz/Phylogenetics/leprae/fastqs/SRR3330054_1.fastq.gz	NA	NA
Brw15-1E	Brw15-1E-Brw15-1E	0	4	SE	NA	double	full	/cfs/klemming/projects/supr/archaeogenetics/pochonz/Phylogenetics/leprae/fastqs/SRR3672737_1.fastq.gz	NA	NA
Brw15-5E	Brw15-5E-Brw15-5E	0	4	SE	NA	double	full	/cfs/klemming/projects/supr/archaeogenetics/pochonz/Phylogenetics/leprae/fastqs/SRR3672738_1.fastq.gz	NA	NA
Brw15-25M	Brw15-25M-Brw15-25M	0	4	SE	NA	double	full	/cfs/klemming/projects/supr/archaeogenetics/pochonz/Phylogenetics/leprae/fastqs/SRR3672739_1.fastq.gz	NA	NA
Brw15-6M2	Brw15-6M2-Brw15-6M2	0	4	SE	NA	double	full	/cfs/klemming/projects/supr/archaeogenetics/pochonz/Phylogenetics/leprae/fastqs/SRR3672749_1.fastq.gz	NA	NA
Brw15-10M	Brw15-10M-Brw15-10M	0	4	SE	NA	double	full	/cfs/klemming/projects/supr/archaeogenetics/pochonz/Phylogenetics/leprae/fastqs/SRR3672752_1.fastq.gz	NA	NA
Brw15-12M	Brw15-12M-Brw15-12M	0	4	SE	NA	double	full	/cfs/klemming/projects/supr/archaeogenetics/pochonz/Phylogenetics/leprae/fastqs/SRR3672753_1.fastq.gz	NA	NA
Brw15-13L	Brw15-13L-Brw15-13L	0	4	SE	NA	double	full	/cfs/klemming/projects/supr/archaeogenetics/pochonz/Phylogenetics/leprae/fastqs/SRR3672754_1.fastq.gz	NA	NA
Brw15-17L	Brw15-17L-Brw15-17L	0	4	SE	NA	double	full	/cfs/klemming/projects/supr/archaeogenetics/pochonz/Phylogenetics/leprae/fastqs/SRR3672755_1.fastq.gz	NA	NA
Brw15-17M	Brw15-17M-Brw15-17M	0	4	SE	NA	double	full	/cfs/klemming/projects/supr/archaeogenetics/pochonz/Phylogenetics/leprae/fastqs/SRR3672756_1.fastq.gz	NA	NA
Brw15-20M	Brw15-20M-Brw15-20M	0	4	SE	NA	double	full	/cfs/klemming/projects/supr/archaeogenetics/pochonz/Phylogenetics/leprae/fastqs/SRR3672757_1.fastq.gz	NA	NA
Brw15-25E	Brw15-25E-Brw15-25E	0	4	SE	NA	double	full	/cfs/klemming/projects/supr/archaeogenetics/pochonz/Phylogenetics/leprae/fastqs/SRR3672758_1.fastq.gz	NA	NA
ARLP_49	ARLP_49-ARLP_49	0	4	SE	NA	double	full	/cfs/klemming/projects/supr/archaeogenetics/pochonz/Phylogenetics/leprae/fastqs/SRR6241707_1.fastq.gz	NA	NA
ARLP_48	ARLP_48-ARLP_48	0	4	SE	NA	double	full	/cfs/klemming/projects/supr/archaeogenetics/pochonz/Phylogenetics/leprae/fastqs/SRR6241708_1.fastq.gz	NA	NA
ARLP_57	ARLP_57-ARLP_57	0	4	SE	NA	double	full	/cfs/klemming/projects/supr/archaeogenetics/pochonz/Phylogenetics/leprae/fastqs/SRR6241709_1.fastq.gz	NA	NA
ARLP_52	ARLP_52-ARLP_52	0	4	SE	NA	double	full	/cfs/klemming/projects/supr/archaeogenetics/pochonz/Phylogenetics/leprae/fastqs/SRR6241710_1.fastq.gz	NA	NA
ARLP_37	ARLP_37-ARLP_37	0	4	SE	NA	double	full	/cfs/klemming/projects/supr/archaeogenetics/pochonz/Phylogenetics/leprae/fastqs/SRR6241711_1.fastq.gz	NA	NA
ARLP_32	ARLP_32-ARLP_32	0	4	SE	NA	double	full	/cfs/klemming/projects/supr/archaeogenetics/pochonz/Phylogenetics/leprae/fastqs/SRR6241712_1.fastq.gz	NA	NA
ARLP_46	ARLP_46-ARLP_46	0	4	SE	NA	double	full	/cfs/klemming/projects/supr/archaeogenetics/pochonz/Phylogenetics/leprae/fastqs/SRR6241713_1.fastq.gz	NA	NA
ARLP_40	ARLP_40-ARLP_40	0	4	SE	NA	double	full	/cfs/klemming/projects/supr/archaeogenetics/pochonz/Phylogenetics/leprae/fastqs/SRR6241714_1.fastq.gz	NA	NA
ARLP_63	ARLP_63-ARLP_63	0	4	SE	NA	double	full	/cfs/klemming/projects/supr/archaeogenetics/pochonz/Phylogenetics/leprae/fastqs/SRR6241715_1.fastq.gz	NA	NA
ARLP_62	ARLP_62-ARLP_62	0	4	SE	NA	double	full	/cfs/klemming/projects/supr/archaeogenetics/pochonz/Phylogenetics/leprae/fastqs/SRR6241716_1.fastq.gz	NA	NA
Bn8-46	Bn8-46-Bn8-46	0	4	SE	NA	double	full	/cfs/klemming/projects/supr/archaeogenetics/pochonz/Phylogenetics/leprae/fastqs/SRR6241717_1.fastq.gz	NA	NA
Bn8-47	Bn8-47-Bn8-47	0	4	SE	NA	double	full	/cfs/klemming/projects/supr/archaeogenetics/pochonz/Phylogenetics/leprae/fastqs/SRR6241718_1.fastq.gz	NA	NA
Bn7-39	Bn7-39-Bn7-39	0	4	SE	NA	double	full	/cfs/klemming/projects/supr/archaeogenetics/pochonz/Phylogenetics/leprae/fastqs/SRR6241719_1.fastq.gz	NA	NA
Bn7-41	Bn7-41-Bn7-41	0	4	SE	NA	double	full	/cfs/klemming/projects/supr/archaeogenetics/pochonz/Phylogenetics/leprae/fastqs/SRR6241720_1.fastq.gz	NA	NA
ARLP_73	ARLP_73-ARLP_73	0	4	SE	NA	double	full	/cfs/klemming/projects/supr/archaeogenetics/pochonz/Phylogenetics/leprae/fastqs/SRR6241721_1.fastq.gz	NA	NA
ARLP_74	ARLP_74-ARLP_74	0	4	SE	NA	double	full	/cfs/klemming/projects/supr/archaeogenetics/pochonz/Phylogenetics/leprae/fastqs/SRR6241722_1.fastq.gz	NA	NA
ARLP_65	ARLP_65-ARLP_65	0	4	SE	NA	double	full	/cfs/klemming/projects/supr/archaeogenetics/pochonz/Phylogenetics/leprae/fastqs/SRR6241723_1.fastq.gz	NA	NA
ARLP_68	ARLP_68-ARLP_68	0	4	SE	NA	double	full	/cfs/klemming/projects/supr/archaeogenetics/pochonz/Phylogenetics/leprae/fastqs/SRR6241724_1.fastq.gz	NA	NA
Bn8-51	Bn8-51-Bn8-51	0	4	SE	NA	double	full	/cfs/klemming/projects/supr/archaeogenetics/pochonz/Phylogenetics/leprae/fastqs/SRR6241725_1.fastq.gz	NA	NA
Bn8-52	Bn8-52-Bn8-52	0	4	SE	NA	double	full	/cfs/klemming/projects/supr/archaeogenetics/pochonz/Phylogenetics/leprae/fastqs/SRR6241726_1.fastq.gz	NA	NA
Br14-3	Br14-3-Br14-3	0	4	PE	NA	double	full	/cfs/klemming/projects/supr/archaeogenetics/pochonz/Phylogenetics/leprae/fastqs/SRR6241727_1.fastq.gz	/cfs/klemming/projects/supr/archaeogenetics/pochonz/Phylogenetics/leprae/fastqs/SRR6241727_2.fastq.gz	NA
Br14-2	Br14-2-Br14-2	0	4	PE	NA	double	full	/cfs/klemming/projects/supr/archaeogenetics/pochonz/Phylogenetics/leprae/fastqs/SRR6241728_1.fastq.gz	/cfs/klemming/projects/supr/archaeogenetics/pochonz/Phylogenetics/leprae/fastqs/SRR6241728_2.fastq.gz	NA
Br14-1	Br14-1-Br14-1	0	4	PE	NA	double	full	/cfs/klemming/projects/supr/archaeogenetics/pochonz/Phylogenetics/leprae/fastqs/SRR6241729_1.fastq.gz	/cfs/klemming/projects/supr/archaeogenetics/pochonz/Phylogenetics/leprae/fastqs/SRR6241729_2.fastq.gz	NA
BP	BP-BPA1	0	4	SE	NA	double	half	/cfs/klemming/projects/supr/archaeogenetics/pochonz/Phylogenetics/leprae/fastqs/SRR6241730_1.fastq.gz	NA	NA
Br2016-14	Br2016-14-Br2016_14-2	0	4	SE	NA	double	full	/cfs/klemming/projects/supr/archaeogenetics/pochonz/Phylogenetics/leprae/fastqs/SRR6241731_1.fastq.gz	NA	NA
Br1	Br1-Br1A1	0	4	SE	NA	double	full	/cfs/klemming/projects/supr/archaeogenetics/pochonz/Phylogenetics/leprae/fastqs/SRR6241732_1.fastq.gz	NA	NA
Br14-5	Br14-5-Br14-5	0	4	PE	NA	double	full	/cfs/klemming/projects/supr/archaeogenetics/pochonz/Phylogenetics/leprae/fastqs/SRR6241733_1.fastq.gz	/cfs/klemming/projects/supr/archaeogenetics/pochonz/Phylogenetics/leprae/fastqs/SRR6241733_2.fastq.gz	NA
Br14-4	Br14-4-Br14-4	0	4	PE	NA	double	full	/cfs/klemming/projects/supr/archaeogenetics/pochonz/Phylogenetics/leprae/fastqs/SRR6241734_1.fastq.gz	/cfs/klemming/projects/supr/archaeogenetics/pochonz/Phylogenetics/leprae/fastqs/SRR6241734_2.fastq.gz	NA
Br2016-16	Br2016-16-Br2016-16	0	4	SE	NA	double	full	/cfs/klemming/projects/supr/archaeogenetics/pochonz/Phylogenetics/leprae/fastqs/SRR6241735_1.fastq.gz	NA	NA
Br2016-15	Br2016-15-Br2016-15	0	4	SE	NA	double	full	/cfs/klemming/projects/supr/archaeogenetics/pochonz/Phylogenetics/leprae/fastqs/SRR6241736_1.fastq.gz	NA	NA
Ye3s2	Ye3s2-Ye3s2	0	4	PE	NA	double	full	/cfs/klemming/projects/supr/archaeogenetics/pochonz/Phylogenetics/leprae/fastqs/SRR6241737_1.fastq.gz	/cfs/klemming/projects/supr/archaeogenetics/pochonz/Phylogenetics/leprae/fastqs/SRR6241737_2.fastq.gz	NA
Gu4-19L	Gu4-19L-Gu4-19L	0	4	PE	NA	double	full	/cfs/klemming/projects/supr/archaeogenetics/pochonz/Phylogenetics/leprae/fastqs/SRR6241738_1.fastq.gz	/cfs/klemming/projects/supr/archaeogenetics/pochonz/Phylogenetics/leprae/fastqs/SRR6241738_2.fastq.gz	NA
Br2016-45	Br2016-45-Br2016-45	0	4	SE	NA	double	full	/cfs/klemming/projects/supr/archaeogenetics/pochonz/Phylogenetics/leprae/fastqs/SRR6241739_1.fastq.gz	NA	NA
Br2016-46	Br2016-46-Br2016-46	0	4	SE	NA	double	full	/cfs/klemming/projects/supr/archaeogenetics/pochonz/Phylogenetics/leprae/fastqs/SRR6241740_1.fastq.gz	NA	NA
Br2016-21	Br2016-21-Br2016-21	0	4	SE	NA	double	full	/cfs/klemming/projects/supr/archaeogenetics/pochonz/Phylogenetics/leprae/fastqs/SRR6241741_1.fastq.gz	NA	NA
Br2016-24	Br2016-24-Br2016-24	0	4	SE	NA	double	full	/cfs/klemming/projects/supr/archaeogenetics/pochonz/Phylogenetics/leprae/fastqs/SRR6241742_1.fastq.gz	NA	NA
Br2016-26	Br2016-26-Br2016-26	0	4	SE	NA	double	full	/cfs/klemming/projects/supr/archaeogenetics/pochonz/Phylogenetics/leprae/fastqs/SRR6241743_1.fastq.gz	NA	NA
Br2016-27	Br2016-27-Br2016-27	0	4	SE	NA	double	full	/cfs/klemming/projects/supr/archaeogenetics/pochonz/Phylogenetics/leprae/fastqs/SRR6241744_1.fastq.gz	NA	NA
Br2016-17	Br2016-17-Br2016-17	0	4	SE	NA	double	full	/cfs/klemming/projects/supr/archaeogenetics/pochonz/Phylogenetics/leprae/fastqs/SRR6241745_1.fastq.gz	NA	NA
Br2016-18	Br2016-18-Br2016-18	0	4	SE	NA	double	full	/cfs/klemming/projects/supr/archaeogenetics/pochonz/Phylogenetics/leprae/fastqs/SRR6241746_1.fastq.gz	NA	NA
Br2016-19	Br2016-19-Br2016-19	0	4	SE	NA	double	full	/cfs/klemming/projects/supr/archaeogenetics/pochonz/Phylogenetics/leprae/fastqs/SRR6241747_1.fastq.gz	NA	NA
Br2016-20	Br2016-20-Br2016-20	0	4	SE	NA	double	full	/cfs/klemming/projects/supr/archaeogenetics/pochonz/Phylogenetics/leprae/fastqs/SRR6241748_1.fastq.gz	NA	NA
BrMM1	BrMM1-BrMM1_A3	0	4	SE	NA	double	full	/cfs/klemming/projects/supr/archaeogenetics/pochonz/Phylogenetics/leprae/fastqs/SRR6241749_1.fastq.gz	NA	NA
Gu5-23	Gu5-23-Gu5-23	0	4	SE	NA	double	full	/cfs/klemming/projects/supr/archaeogenetics/pochonz/Phylogenetics/leprae/fastqs/SRR6241750_1.fastq.gz	NA	NA
Ye4-10	Ye4-10-Ye4-10L	0	4	PE	NA	double	full	/cfs/klemming/projects/supr/archaeogenetics/pochonz/Phylogenetics/leprae/fastqs/SRR6241751_1.fastq.gz	/cfs/klemming/projects/supr/archaeogenetics/pochonz/Phylogenetics/leprae/fastqs/SRR6241751_2.fastq.gz	NA
Ye4-11	Ye4-11-Ye4-11	0	4	PE	NA	double	full	/cfs/klemming/projects/supr/archaeogenetics/pochonz/Phylogenetics/leprae/fastqs/SRR6241752_1.fastq.gz	/cfs/klemming/projects/supr/archaeogenetics/pochonz/Phylogenetics/leprae/fastqs/SRR6241752_2.fastq.gz	NA
Ye4-12	Ye4-12-Ye4-12	0	4	PE	NA	double	full	/cfs/klemming/projects/supr/archaeogenetics/pochonz/Phylogenetics/leprae/fastqs/SRR6241753_1.fastq.gz	/cfs/klemming/projects/supr/archaeogenetics/pochonz/Phylogenetics/leprae/fastqs/SRR6241753_2.fastq.gz	NA
Ye4-8	Ye4-8-Ye4-8L	0	4	PE	NA	double	full	/cfs/klemming/projects/supr/archaeogenetics/pochonz/Phylogenetics/leprae/fastqs/SRR6241754_1.fastq.gz	/cfs/klemming/projects/supr/archaeogenetics/pochonz/Phylogenetics/leprae/fastqs/SRR6241754_2.fastq.gz	NA
Zensho-2	Zensho-2-Zensho-2	0	4	PE	NA	double	full	/cfs/klemming/projects/supr/archaeogenetics/pochonz/Phylogenetics/leprae/fastqs/SRR6241755_1.fastq.gz	/cfs/klemming/projects/supr/archaeogenetics/pochonz/Phylogenetics/leprae/fastqs/SRR6241755_2.fastq.gz	NA
Zensho-4	Zensho-4-Zensho-4	0	4	PE	NA	double	full	/cfs/klemming/projects/supr/archaeogenetics/pochonz/Phylogenetics/leprae/fastqs/SRR6241756_1.fastq.gz	/cfs/klemming/projects/supr/archaeogenetics/pochonz/Phylogenetics/leprae/fastqs/SRR6241756_2.fastq.gz	NA
Zensho-5	Zensho-5-Zensho-5	0	4	PE	NA	double	full	/cfs/klemming/projects/supr/archaeogenetics/pochonz/Phylogenetics/leprae/fastqs/SRR6241757_1.fastq.gz	/cfs/klemming/projects/supr/archaeogenetics/pochonz/Phylogenetics/leprae/fastqs/SRR6241757_2.fastq.gz	NA
Zensho-9	Zensho-9-Zensho-9	0	4	PE	NA	double	full	/cfs/klemming/projects/supr/archaeogenetics/pochonz/Phylogenetics/leprae/fastqs/SRR6241758_1.fastq.gz	/cfs/klemming/projects/supr/archaeogenetics/pochonz/Phylogenetics/leprae/fastqs/SRR6241758_2.fastq.gz	NA
Br2016-47	Br2016-47-Br2016-47	0	4	SE	NA	double	full	/cfs/klemming/projects/supr/archaeogenetics/pochonz/Phylogenetics/leprae/fastqs/SRR6241759_1.fastq.gz	NA	NA
BrMM4	BrMM4-BrMM4_A3	0	4	SE	NA	double	full	/cfs/klemming/projects/supr/archaeogenetics/pochonz/Phylogenetics/leprae/fastqs/SRR6241760_1.fastq.gz	NA	NA
BrMM2	BrMM2-BrMM2_A3	0	4	SE	NA	double	full	/cfs/klemming/projects/supr/archaeogenetics/pochonz/Phylogenetics/leprae/fastqs/SRR6241761_1.fastq.gz	NA	NA
EGG	EGG-EGG	0	4	SE	NA	double	full	/cfs/klemming/projects/supr/archaeogenetics/pochonz/Phylogenetics/leprae/fastqs/SRR6241762_1.fastq.gz	NA	NA
BrMM5	BrMM5-BrMM5_A3	0	4	SE	NA	double	full	/cfs/klemming/projects/supr/archaeogenetics/pochonz/Phylogenetics/leprae/fastqs/SRR6241763_1.fastq.gz	NA	NA
Gu4-17	Gu4-17-Gu4-17L	0	4	PE	NA	double	full	/cfs/klemming/projects/supr/archaeogenetics/pochonz/Phylogenetics/leprae/fastqs/SRR6241764_1.fastq.gz	/cfs/klemming/projects/supr/archaeogenetics/pochonz/Phylogenetics/leprae/fastqs/SRR6241764_2.fastq.gz	NA
Fio3	Fio3-Fio3	0	4	PE	NA	double	full	/cfs/klemming/projects/supr/archaeogenetics/pochonz/Phylogenetics/leprae/fastqs/SRR6241765_1.fastq.gz	/cfs/klemming/projects/supr/archaeogenetics/pochonz/Phylogenetics/leprae/fastqs/SRR6241765_2.fastq.gz	NA
Ye2-3	Ye2-3-Ye2-3-A10	0	4	SE	NA	double	full	/cfs/klemming/projects/supr/archaeogenetics/pochonz/Phylogenetics/leprae/fastqs/SRR6241766_1.fastq.gz	NA	NA
US57	US57-US57	0	4	SE	NA	double	full	/cfs/klemming/projects/supr/archaeogenetics/pochonz/Phylogenetics/leprae/fastqs/SRR6241767_1.fastq.gz	NA	NA
Tsukuba-1	Tsukuba-1-Tsukuba-1	0	4	PE	NA	double	full	/cfs/klemming/projects/supr/archaeogenetics/pochonz/Phylogenetics/leprae/fastqs/SRR6241768_1.fastq.gz	/cfs/klemming/projects/supr/archaeogenetics/pochonz/Phylogenetics/leprae/fastqs/SRR6241768_2.fastq.gz	NA
Thai-311	Thai-311-Thai-311	0	4	PE	NA	double	full	/cfs/klemming/projects/supr/archaeogenetics/pochonz/Phylogenetics/leprae/fastqs/SRR6241769_1.fastq.gz	/cfs/klemming/projects/supr/archaeogenetics/pochonz/Phylogenetics/leprae/fastqs/SRR6241769_2.fastq.gz	NA
Thai-237	Thai-237-Thai-237	0	4	PE	NA	double	full	/cfs/klemming/projects/supr/archaeogenetics/pochonz/Phylogenetics/leprae/fastqs/SRR6241770_1.fastq.gz	/cfs/klemming/projects/supr/archaeogenetics/pochonz/Phylogenetics/leprae/fastqs/SRR6241770_2.fastq.gz	NA
Ryukyu-2	Ryukyu-2-Ryukyu-2	0	4	PE	NA	double	full	/cfs/klemming/projects/supr/archaeogenetics/pochonz/Phylogenetics/leprae/fastqs/SRR6241771_1.fastq.gz	/cfs/klemming/projects/supr/archaeogenetics/pochonz/Phylogenetics/leprae/fastqs/SRR6241771_2.fastq.gz	NA
Pak	Pak-Pak_A1	0	4	SE	NA	double	full	/cfs/klemming/projects/supr/archaeogenetics/pochonz/Phylogenetics/leprae/fastqs/SRR6241772_1.fastq.gz	NA	NA
Oku-4	Oku-4-Oku-4	0	4	PE	NA	double	full	/cfs/klemming/projects/supr/archaeogenetics/pochonz/Phylogenetics/leprae/fastqs/SRR6241773_1.fastq.gz	/cfs/klemming/projects/supr/archaeogenetics/pochonz/Phylogenetics/leprae/fastqs/SRR6241773_2.fastq.gz	NA
Ng17-39	Ng17-39-Ng17-39	0	4	SE	NA	double	full	/cfs/klemming/projects/supr/archaeogenetics/pochonz/Phylogenetics/leprae/fastqs/SRR6241774_1.fastq.gz	NA	NA
Ng16-38	Ng16-38-Ng16-38	0	4	SE	NA	double	full	/cfs/klemming/projects/supr/archaeogenetics/pochonz/Phylogenetics/leprae/fastqs/SRR6241775_1.fastq.gz	NA	NA
Ml10-93	Ml10-93-Ml10-93	0	4	SE	NA	double	full	/cfs/klemming/projects/supr/archaeogenetics/pochonz/Phylogenetics/leprae/fastqs/SRR6241776_1.fastq.gz	NA	NA
Ml10-94	Ml10-94-Ml10-94	0	4	SE	NA	double	full	/cfs/klemming/projects/supr/archaeogenetics/pochonz/Phylogenetics/leprae/fastqs/SRR6241777_1.fastq.gz	NA	NA
Kanazawa	Kanazawa-Kanazawa	0	4	PE	NA	double	full	/cfs/klemming/projects/supr/archaeogenetics/pochonz/Phylogenetics/leprae/fastqs/SRR6241778_1.fastq.gz	/cfs/klemming/projects/supr/archaeogenetics/pochonz/Phylogenetics/leprae/fastqs/SRR6241778_2.fastq.gz	NA
Kitasato	Kitasato-Kitasato	0	4	PE	NA	double	full	/cfs/klemming/projects/supr/archaeogenetics/pochonz/Phylogenetics/leprae/fastqs/SRR6241779_1.fastq.gz	/cfs/klemming/projects/supr/archaeogenetics/pochonz/Phylogenetics/leprae/fastqs/SRR6241779_2.fastq.gz	NA
Indonesia-1	Indonesia-1-Indonesia-1	0	4	PE	NA	double	full	/cfs/klemming/projects/supr/archaeogenetics/pochonz/Phylogenetics/leprae/fastqs/SRR6241780_1.fastq.gz	/cfs/klemming/projects/supr/archaeogenetics/pochonz/Phylogenetics/leprae/fastqs/SRR6241780_2.fastq.gz	NA
Izumi	Izumi-Izumi	0	4	PE	NA	double	full	/cfs/klemming/projects/supr/archaeogenetics/pochonz/Phylogenetics/leprae/fastqs/SRR6241781_1.fastq.gz	/cfs/klemming/projects/supr/archaeogenetics/pochonz/Phylogenetics/leprae/fastqs/SRR6241781_2.fastq.gz	NA
Kyoto-1	Kyoto-1-Kyoto-1	0	4	PE	NA	double	full	/cfs/klemming/projects/supr/archaeogenetics/pochonz/Phylogenetics/leprae/fastqs/SRR6241782_1.fastq.gz	/cfs/klemming/projects/supr/archaeogenetics/pochonz/Phylogenetics/leprae/fastqs/SRR6241782_2.fastq.gz	NA
Ml10-91	Ml10-91-Ml10-91	0	4	SE	NA	double	full	/cfs/klemming/projects/supr/archaeogenetics/pochonz/Phylogenetics/leprae/fastqs/SRR6241783_1.fastq.gz	NA	NA
Korea-3-2	Korea-3-2-Korea-3-2	0	4	PE	NA	double	full	/cfs/klemming/projects/supr/archaeogenetics/pochonz/Phylogenetics/leprae/fastqs/SRR6241784_1.fastq.gz	/cfs/klemming/projects/supr/archaeogenetics/pochonz/Phylogenetics/leprae/fastqs/SRR6241784_2.fastq.gz	NA
Kusatsu-6	Kusatsu-6-Kusatsu-6	0	4	PE	NA	double	full	/cfs/klemming/projects/supr/archaeogenetics/pochonz/Phylogenetics/leprae/fastqs/SRR6241785_1.fastq.gz	/cfs/klemming/projects/supr/archaeogenetics/pochonz/Phylogenetics/leprae/fastqs/SRR6241785_2.fastq.gz	NA
Ml9-80	Ml9-80-Ml9-80	0	4	SE	NA	double	full	/cfs/klemming/projects/supr/archaeogenetics/pochonz/Phylogenetics/leprae/fastqs/SRR6241786_1.fastq.gz	NA	NA
Ml9-79	Ml9-79-Ml9-79	0	4	SE	NA	double	full	/cfs/klemming/projects/supr/archaeogenetics/pochonz/Phylogenetics/leprae/fastqs/SRR6241787_1.fastq.gz	NA	NA
ML2-5	ML2-5-Ml2-5	0	4	SE	NA	double	full	/cfs/klemming/projects/supr/archaeogenetics/pochonz/Phylogenetics/leprae/fastqs/SRR6241788_1.fastq.gz	NA	NA
Ml10-99	Ml10-99-Ml10-99	0	4	SE	NA	double	full	/cfs/klemming/projects/supr/archaeogenetics/pochonz/Phylogenetics/leprae/fastqs/SRR6241789_1.fastq.gz	NA	NA
Ml10-98	Ml10-98-Ml10-98	0	4	SE	NA	double	full	/cfs/klemming/projects/supr/archaeogenetics/pochonz/Phylogenetics/leprae/fastqs/SRR6241790_1.fastq.gz	NA	NA
Ml10-97	Ml10-97-Ml10-97	0	4	SE	NA	double	full	/cfs/klemming/projects/supr/archaeogenetics/pochonz/Phylogenetics/leprae/fastqs/SRR6241791_1.fastq.gz	NA	NA
Ml10-96	Ml10-96-Ml10-96	0	4	SE	NA	double	full	/cfs/klemming/projects/supr/archaeogenetics/pochonz/Phylogenetics/leprae/fastqs/SRR6241792_1.fastq.gz	NA	NA
Ml10-95	Ml10-95-Ml10-95	0	4	SE	NA	double	full	/cfs/klemming/projects/supr/archaeogenetics/pochonz/Phylogenetics/leprae/fastqs/SRR6241793_1.fastq.gz	NA	NA
Ml9-82	Ml9-82-Ml9-82	0	4	SE	NA	double	full	/cfs/klemming/projects/supr/archaeogenetics/pochonz/Phylogenetics/leprae/fastqs/SRR6241794_1.fastq.gz	NA	NA
Ml9-81	Ml9-81-Ml9-81	0	4	SE	NA	double	full	/cfs/klemming/projects/supr/archaeogenetics/pochonz/Phylogenetics/leprae/fastqs/SRR6241795_1.fastq.gz	NA	NA
ARLP_08	ARLP_08-ARLP_08	0	4	SE	NA	double	full	/cfs/klemming/projects/supr/archaeogenetics/pochonz/Phylogenetics/leprae/fastqs/SRR6241796_1.fastq.gz	NA	NA
ARLP_10	ARLP_10-ARLP_10	0	4	SE	NA	double	full	/cfs/klemming/projects/supr/archaeogenetics/pochonz/Phylogenetics/leprae/fastqs/SRR6241797_1.fastq.gz	NA	NA
2DDS	2DDS-2DDS	0	4	PE	NA	double	full	/cfs/klemming/projects/supr/archaeogenetics/pochonz/Phylogenetics/leprae/fastqs/SRR6241798_1.fastq.gz	/cfs/klemming/projects/supr/archaeogenetics/pochonz/Phylogenetics/leprae/fastqs/SRR6241798_2.fastq.gz	NA
LRC-1A	LRC-1A-Airaku-2	0	4	PE	NA	double	full	/cfs/klemming/projects/supr/archaeogenetics/pochonz/Phylogenetics/leprae/fastqs/SRR6241799_1.fastq.gz	/cfs/klemming/projects/supr/archaeogenetics/pochonz/Phylogenetics/leprae/fastqs/SRR6241799_2.fastq.gz	NA
Amami	Amami-Amami	0	4	PE	NA	double	full	/cfs/klemming/projects/supr/archaeogenetics/pochonz/Phylogenetics/leprae/fastqs/SRR6241800_1.fastq.gz	/cfs/klemming/projects/supr/archaeogenetics/pochonz/Phylogenetics/leprae/fastqs/SRR6241800_2.fastq.gz	NA
ARLP_07	ARLP_07-ARLP_07	0	4	SE	NA	double	full	/cfs/klemming/projects/supr/archaeogenetics/pochonz/Phylogenetics/leprae/fastqs/SRR6241801_1.fastq.gz	NA	NA
2936	2936-2936	0	4	SE	NA	double	full	/cfs/klemming/projects/supr/archaeogenetics/pochonz/Phylogenetics/leprae/fastqs/SRR6241802_1.fastq.gz	NA	NA
85054	85054-85054	0	4	SE	NA	double	full	/cfs/klemming/projects/supr/archaeogenetics/pochonz/Phylogenetics/leprae/fastqs/SRR6241803_1.fastq.gz	NA	NA
97016	97016-97016	0	4	SE	NA	double	full	/cfs/klemming/projects/supr/archaeogenetics/pochonz/Phylogenetics/leprae/fastqs/SRR6241804_1.fastq.gz	NA	NA
1262-16	1262-16-1262-16	0	4	SE	NA	double	full	/cfs/klemming/projects/supr/archaeogenetics/pochonz/Phylogenetics/leprae/fastqs/SRR6241805_1.fastq.gz	NA	NA
Ml9-83	Ml9-83-Ml9-83	0	4	SE	NA	double	full	/cfs/klemming/projects/supr/archaeogenetics/pochonz/Phylogenetics/leprae/fastqs/SRR6241806_1.fastq.gz	NA	NA
Ml9-84	Ml9-84-Ml9-84	0	4	SE	NA	double	full	/cfs/klemming/projects/supr/archaeogenetics/pochonz/Phylogenetics/leprae/fastqs/SRR6241807_1.fastq.gz	NA	NA
Ml9-86	Ml9-86-Ml9-86	0	4	SE	NA	double	full	/cfs/klemming/projects/supr/archaeogenetics/pochonz/Phylogenetics/leprae/fastqs/SRR6241808_1.fastq.gz	NA	NA
Ml9-87	Ml9-87-Ml9-87	0	4	SE	NA	double	full	/cfs/klemming/projects/supr/archaeogenetics/pochonz/Phylogenetics/leprae/fastqs/SRR6241809_1.fastq.gz	NA	NA
Ng12-33	Ng12-33-Ng12-33	0	4	SE	NA	double	full	/cfs/klemming/projects/supr/archaeogenetics/pochonz/Phylogenetics/leprae/fastqs/SRR6241810_1.fastq.gz	NA	NA
Ng13-32	Ng13-32-Ng13-32	0	4	SE	NA	double	full	/cfs/klemming/projects/supr/archaeogenetics/pochonz/Phylogenetics/leprae/fastqs/SRR6241811_1.fastq.gz	NA	NA
Ng13-33	Ng13-33-Ng13-33	0	4	SE	NA	double	full	/cfs/klemming/projects/supr/archaeogenetics/pochonz/Phylogenetics/leprae/fastqs/SRR6241812_1.fastq.gz	NA	NA
Ng14-35	Ng14-35-Ng14-35-1+2	0	4	SE	NA	double	full	/cfs/klemming/projects/supr/archaeogenetics/pochonz/Phylogenetics/leprae/fastqs/SRR6241813_1.fastq.gz	NA	NA
Ng15-36	Ng15-36-Ng15-36	0	4	SE	NA	double	full	/cfs/klemming/projects/supr/archaeogenetics/pochonz/Phylogenetics/leprae/fastqs/SRR6241814_1.fastq.gz	NA	NA
Ng15-37	Ng15-37-Ng15-37	0	4	SE	NA	double	full	/cfs/klemming/projects/supr/archaeogenetics/pochonz/Phylogenetics/leprae/fastqs/SRR6241815_1.fastq.gz	NA	NA
ARLP_29	ARLP_29-ARLP_29	0	4	SE	NA	double	full	/cfs/klemming/projects/supr/archaeogenetics/pochonz/Phylogenetics/leprae/fastqs/SRR6241816_1.fastq.gz	NA	NA
ARLP_30	ARLP_30-ARLP_30	0	4	SE	NA	double	full	/cfs/klemming/projects/supr/archaeogenetics/pochonz/Phylogenetics/leprae/fastqs/SRR6241817_1.fastq.gz	NA	NA
ARLP_11	ARLP_11-ARLP_11	0	4	SE	NA	double	full	/cfs/klemming/projects/supr/archaeogenetics/pochonz/Phylogenetics/leprae/fastqs/SRR6241818_1.fastq.gz	NA	NA
ARLP_12	ARLP_12-ARLP_12	0	4	SE	NA	double	full	/cfs/klemming/projects/supr/archaeogenetics/pochonz/Phylogenetics/leprae/fastqs/SRR6241819_1.fastq.gz	NA	NA
ARLP_13	ARLP_13-ARLP_13	0	4	SE	NA	double	full	/cfs/klemming/projects/supr/archaeogenetics/pochonz/Phylogenetics/leprae/fastqs/SRR6241820_1.fastq.gz	NA	NA
ARLP_14	ARLP_14-ARLP_14	0	4	SE	NA	double	full	/cfs/klemming/projects/supr/archaeogenetics/pochonz/Phylogenetics/leprae/fastqs/SRR6241821_1.fastq.gz	NA	NA
ARLP_20	ARLP_20-ARLP_20	0	4	SE	NA	double	full	/cfs/klemming/projects/supr/archaeogenetics/pochonz/Phylogenetics/leprae/fastqs/SRR6241822_1.fastq.gz	NA	NA
ARLP_23	ARLP_23-ARLP_23	0	4	SE	NA	double	full	/cfs/klemming/projects/supr/archaeogenetics/pochonz/Phylogenetics/leprae/fastqs/SRR6241823_1.fastq.gz	NA	NA
ARLP_25	ARLP_25-ARLP_25	0	4	SE	NA	double	full	/cfs/klemming/projects/supr/archaeogenetics/pochonz/Phylogenetics/leprae/fastqs/SRR6241824_1.fastq.gz	NA	NA
ARLP_27	ARLP_27-ARLP_27	0	4	SE	NA	double	full	/cfs/klemming/projects/supr/archaeogenetics/pochonz/Phylogenetics/leprae/fastqs/SRR6241825_1.fastq.gz	NA	NA
520	520-520	0	4	PE	NA	double	none	/cfs/klemming/projects/supr/archaeogenetics/pochonz/Phylogenetics/leprae/fastqs/SRR10987687_1.fastq.gz	/cfs/klemming/projects/supr/archaeogenetics/pochonz/Phylogenetics/leprae/fastqs/SRR10987687_2.fastq.gz	NA
519	519-519b	0	4	PE	NA	double	half	/cfs/klemming/projects/supr/archaeogenetics/pochonz/Phylogenetics/leprae/fastqs/SRR10987688_1.fastq.gz	/cfs/klemming/projects/supr/archaeogenetics/pochonz/Phylogenetics/leprae/fastqs/SRR10987688_2.fastq.gz	NA
519	519-519a	0	4	PE	NA	double	none	/cfs/klemming/projects/supr/archaeogenetics/pochonz/Phylogenetics/leprae/fastqs/SRR10987689_1.fastq.gz	/cfs/klemming/projects/supr/archaeogenetics/pochonz/Phylogenetics/leprae/fastqs/SRR10987689_2.fastq.gz	NA
518	518-518	0	4	PE	NA	double	none	/cfs/klemming/projects/supr/archaeogenetics/pochonz/Phylogenetics/leprae/fastqs/SRR10987690_1.fastq.gz	/cfs/klemming/projects/supr/archaeogenetics/pochonz/Phylogenetics/leprae/fastqs/SRR10987690_2.fastq.gz	NA
517	517-517	0	4	PE	NA	double	none	/cfs/klemming/projects/supr/archaeogenetics/pochonz/Phylogenetics/leprae/fastqs/SRR10987691_1.fastq.gz	/cfs/klemming/projects/supr/archaeogenetics/pochonz/Phylogenetics/leprae/fastqs/SRR10987691_2.fastq.gz	NA
516	516-516	0	4	PE	NA	double	none	/cfs/klemming/projects/supr/archaeogenetics/pochonz/Phylogenetics/leprae/fastqs/SRR10987693_1.fastq.gz	/cfs/klemming/projects/supr/archaeogenetics/pochonz/Phylogenetics/leprae/fastqs/SRR10987693_2.fastq.gz	NA
515	515-515b	0	4	PE	NA	double	half	/cfs/klemming/projects/supr/archaeogenetics/pochonz/Phylogenetics/leprae/fastqs/SRR10987695_1.fastq.gz	/cfs/klemming/projects/supr/archaeogenetics/pochonz/Phylogenetics/leprae/fastqs/SRR10987695_2.fastq.gz	NA
515	515-515a	0	4	PE	NA	double	none	/cfs/klemming/projects/supr/archaeogenetics/pochonz/Phylogenetics/leprae/fastqs/SRR10987697_1.fastq.gz	/cfs/klemming/projects/supr/archaeogenetics/pochonz/Phylogenetics/leprae/fastqs/SRR10987697_2.fastq.gz	NA
543	543-543	0	4	PE	NA	double	none	/cfs/klemming/projects/supr/archaeogenetics/pochonz/Phylogenetics/leprae/fastqs/SRR10987699_1.fastq.gz	/cfs/klemming/projects/supr/archaeogenetics/pochonz/Phylogenetics/leprae/fastqs/SRR10987699_2.fastq.gz	NA
542	542-542	0	4	PE	NA	double	none	/cfs/klemming/projects/supr/archaeogenetics/pochonz/Phylogenetics/leprae/fastqs/SRR10987700_1.fastq.gz	/cfs/klemming/projects/supr/archaeogenetics/pochonz/Phylogenetics/leprae/fastqs/SRR10987700_2.fastq.gz	NA
540	540-540	0	4	PE	NA	double	none	/cfs/klemming/projects/supr/archaeogenetics/pochonz/Phylogenetics/leprae/fastqs/SRR10987701_1.fastq.gz	/cfs/klemming/projects/supr/archaeogenetics/pochonz/Phylogenetics/leprae/fastqs/SRR10987701_2.fastq.gz	NA
539	539-539	0	4	PE	NA	double	none	/cfs/klemming/projects/supr/archaeogenetics/pochonz/Phylogenetics/leprae/fastqs/SRR10987702_1.fastq.gz	/cfs/klemming/projects/supr/archaeogenetics/pochonz/Phylogenetics/leprae/fastqs/SRR10987702_2.fastq.gz	NA
538	538-538	0	4	PE	NA	double	none	/cfs/klemming/projects/supr/archaeogenetics/pochonz/Phylogenetics/leprae/fastqs/SRR10987703_1.fastq.gz	/cfs/klemming/projects/supr/archaeogenetics/pochonz/Phylogenetics/leprae/fastqs/SRR10987703_2.fastq.gz	NA
537	537-537	0	4	PE	NA	double	none	/cfs/klemming/projects/supr/archaeogenetics/pochonz/Phylogenetics/leprae/fastqs/SRR10987704_1.fastq.gz	/cfs/klemming/projects/supr/archaeogenetics/pochonz/Phylogenetics/leprae/fastqs/SRR10987704_2.fastq.gz	NA
536	536-536	0	4	PE	NA	double	none	/cfs/klemming/projects/supr/archaeogenetics/pochonz/Phylogenetics/leprae/fastqs/SRR10987705_1.fastq.gz	/cfs/klemming/projects/supr/archaeogenetics/pochonz/Phylogenetics/leprae/fastqs/SRR10987705_2.fastq.gz	NA
523A1	523A1-523A1b	0	4	PE	NA	double	none	/cfs/klemming/projects/supr/archaeogenetics/pochonz/Phylogenetics/leprae/fastqs/SRR10987706_1.fastq.gz	/cfs/klemming/projects/supr/archaeogenetics/pochonz/Phylogenetics/leprae/fastqs/SRR10987706_2.fastq.gz	NA
523A1	523A1-523A1a	0	4	PE	NA	double	none	/cfs/klemming/projects/supr/archaeogenetics/pochonz/Phylogenetics/leprae/fastqs/SRR10987707_1.fastq.gz	/cfs/klemming/projects/supr/archaeogenetics/pochonz/Phylogenetics/leprae/fastqs/SRR10987707_2.fastq.gz	NA
511	511-511b	0	4	PE	NA	double	half	/cfs/klemming/projects/supr/archaeogenetics/pochonz/Phylogenetics/leprae/fastqs/SRR10987708_1.fastq.gz	/cfs/klemming/projects/supr/archaeogenetics/pochonz/Phylogenetics/leprae/fastqs/SRR10987708_2.fastq.gz	NA
511	511-511a	0	4	PE	NA	double	none	/cfs/klemming/projects/supr/archaeogenetics/pochonz/Phylogenetics/leprae/fastqs/SRR10987709_1.fastq.gz	/cfs/klemming/projects/supr/archaeogenetics/pochonz/Phylogenetics/leprae/fastqs/SRR10987709_2.fastq.gz	NA
SM1	SM1-SM1	0	4	SE	NA	double	full	/cfs/klemming/projects/supr/archaeogenetics/pochonz/Phylogenetics/leprae/fastqs/SRR5832640_1.fastq.gz	NA	NA
CM1	CM1-CM1_Lib2	0	4	PE	NA	double	none	/cfs/klemming/projects/supr/archaeogenetics/pochonz/Phylogenetics/leprae/fastqs/SRR5832641_1.fastq.gz	/cfs/klemming/projects/supr/archaeogenetics/pochonz/Phylogenetics/leprae/fastqs/SRR5832641_2.fastq.gz	NA
CM1	CM1-CM1_Lib1	0	4	PE	NA	double	none	/cfs/klemming/projects/supr/archaeogenetics/pochonz/Phylogenetics/leprae/fastqs/SRR5832642_1.fastq.gz	/cfs/klemming/projects/supr/archaeogenetics/pochonz/Phylogenetics/leprae/fastqs/SRR5832642_2.fastq.gz	NA
Ch4	Ch4-Ch4	0	4	PE	NA	double	full	/cfs/klemming/projects/supr/archaeogenetics/pochonz/Phylogenetics/leprae/fastqs/SRR5832643_1.fastq.gz	/cfs/klemming/projects/supr/archaeogenetics/pochonz/Phylogenetics/leprae/fastqs/SRR5832643_2.fastq.gz	NA
Airaku-3	Airaku-3-Airaku-3-TS	0	4	PE	NA	double	full	/cfs/klemming/projects/supr/archaeogenetics/pochonz/Phylogenetics/leprae/fastqs/SRR1132821_1.fastq.gz	/cfs/klemming/projects/supr/archaeogenetics/pochonz/Phylogenetics/leprae/fastqs/SRR1132821_2.fastq.gz	NA
NHDP-55	NHDP-55-NHDP-55	0	4	SE	NA	double	full	/cfs/klemming/projects/supr/archaeogenetics/pochonz/Phylogenetics/leprae/fastqs/SRR062543_1.fastq.gz	NA	NA
W-09	W-09-W-09	0	4	SE	NA	double	full	/cfs/klemming/projects/supr/archaeogenetics/pochonz/Phylogenetics/leprae/fastqs/SRR062544_1.fastq.gz	NA	NA
NHDP-98	NHDP-98-NHDP-98	0	4	SE	NA	double	full	/cfs/klemming/projects/supr/archaeogenetics/pochonz/Phylogenetics/leprae/fastqs/SRR062638_1.fastq.gz	NA	NA
Thai-53	Thai-53-Thai-53	0	4	SE	NA	double	full	/cfs/klemming/projects/supr/archaeogenetics/pochonz/Phylogenetics/leprae/fastqs/SRR020800_1.fastq.gz	NA	NA
NHDP-63	NHDP-63-NHDP-63	0	4	SE	NA	double	full	/cfs/klemming/projects/supr/archaeogenetics/pochonz/Phylogenetics/leprae/fastqs/SRR020801_1.fastq.gz	NA	NA
MMW_H50_1_UK	MMW_H50_1_UK-SRR28001574	0	2	PE	NA	double	none	/cfs/klemming/projects/supr/archaeogenetics/pochonz/Phylogenetics/leprae/fastqs/SRR28001574_1.fastq.gz	/cfs/klemming/projects/supr/archaeogenetics/pochonz/Phylogenetics/leprae/fastqs/SRR28001574_2.fastq.gz	NA
MMW_H50_1_UK	MMW_H50_1_UK-SRR28001551	0	2	PE	NA	double	none	/cfs/klemming/projects/supr/archaeogenetics/pochonz/Phylogenetics/leprae/fastqs/SRR28001551_1.fastq.gz	/cfs/klemming/projects/supr/archaeogenetics/pochonz/Phylogenetics/leprae/fastqs/SRR28001551_2.fastq.gz	NA
MMW_H80_1_UK	MMW_H80_1_UK-SRR28001572	0	2	PE	NA	double	none	/cfs/klemming/projects/supr/archaeogenetics/pochonz/Phylogenetics/leprae/fastqs/SRR28001572_1.fastq.gz	/cfs/klemming/projects/supr/archaeogenetics/pochonz/Phylogenetics/leprae/fastqs/SRR28001572_2.fastq.gz	NA
MMW_H80_1_UK	MMW_H80_1_UK-SRR28001598	0	2	PE	NA	double	none	/cfs/klemming/projects/supr/archaeogenetics/pochonz/Phylogenetics/leprae/fastqs/SRR28001598_1.fastq.gz	/cfs/klemming/projects/supr/archaeogenetics/pochonz/Phylogenetics/leprae/fastqs/SRR28001598_2.fastq.gz	NA
MMW_H94_1_UK	MMW_H94_1_UK-SRR28001571	0	2	PE	NA	double	none	/cfs/klemming/projects/supr/archaeogenetics/pochonz/Phylogenetics/leprae/fastqs/SRR28001571_1.fastq.gz	/cfs/klemming/projects/supr/archaeogenetics/pochonz/Phylogenetics/leprae/fastqs/SRR28001571_2.fastq.gz	NA
MMW_H94_1_UK	MMW_H94_1_UK-SRR28001591	0	2	PE	NA	double	none	/cfs/klemming/projects/supr/archaeogenetics/pochonz/Phylogenetics/leprae/fastqs/SRR28001591_1.fastq.gz	/cfs/klemming/projects/supr/archaeogenetics/pochonz/Phylogenetics/leprae/fastqs/SRR28001591_2.fastq.gz	NA
SGW_S3_1_UK	SGW_S3_1_UK-SRR28001561	0	2	SE	NA	double	none	/cfs/klemming/projects/supr/archaeogenetics/pochonz/Phylogenetics/leprae/fastqs/SRR28001561.fastq.gz	NA	NA
SGW_S3_1_UK	SGW_S3_1_UK-SRR28001570	0	2	PE	NA	double	none	/cfs/klemming/projects/supr/archaeogenetics/pochonz/Phylogenetics/leprae/fastqs/SRR28001570_1.fastq.gz	/cfs/klemming/projects/supr/archaeogenetics/pochonz/Phylogenetics/leprae/fastqs/SRR28001570_2.fastq.gz	NA
SGW_S3_1_UK	SGW_S3_1_UK-SRR28001568	0	2	PE	NA	double	none	/cfs/klemming/projects/supr/archaeogenetics/pochonz/Phylogenetics/leprae/fastqs/SRR28001568_1.fastq.gz	/cfs/klemming/projects/supr/archaeogenetics/pochonz/Phylogenetics/leprae/fastqs/SRR28001568_2.fastq.gz	NA
SGW_S3_1_UK	SGW_S3_1_UK-SRR28001566	0	2	PE	NA	double	none	/cfs/klemming/projects/supr/archaeogenetics/pochonz/Phylogenetics/leprae/fastqs/SRR28001566_1.fastq.gz	/cfs/klemming/projects/supr/archaeogenetics/pochonz/Phylogenetics/leprae/fastqs/SRR28001566_2.fastq.gz	NA
SGW_S3_1_UK	SGW_S3_1_UK-SRR28001564	0	2	PE	NA	double	none	/cfs/klemming/projects/supr/archaeogenetics/pochonz/Phylogenetics/leprae/fastqs/SRR28001564_1.fastq.gz	/cfs/klemming/projects/supr/archaeogenetics/pochonz/Phylogenetics/leprae/fastqs/SRR28001564_2.fastq.gz	NA
SGW_S3_1_UK	SGW_S3_1_UK-SRR28001589	0	2	PE	NA	double	none	/cfs/klemming/projects/supr/archaeogenetics/pochonz/Phylogenetics/leprae/fastqs/SRR28001589_1.fastq.gz	/cfs/klemming/projects/supr/archaeogenetics/pochonz/Phylogenetics/leprae/fastqs/SRR28001589_2.fastq.gz	NA
SGW_S3_1_UK	SGW_S3_1_UK-SRR28001587	0	2	PE	NA	double	none	/cfs/klemming/projects/supr/archaeogenetics/pochonz/Phylogenetics/leprae/fastqs/SRR28001587_1.fastq.gz	/cfs/klemming/projects/supr/archaeogenetics/pochonz/Phylogenetics/leprae/fastqs/SRR28001587_2.fastq.gz	NA
SGW_S3_1_UK	SGW_S3_1_UK-SRR28001560	0	2	SE	NA	double	none	/cfs/klemming/projects/supr/archaeogenetics/pochonz/Phylogenetics/leprae/fastqs/SRR28001560.fastq.gz	NA	NA
SGW_S3_1_UK	SGW_S3_1_UK-SRR28001569	0	2	PE	NA	double	none	/cfs/klemming/projects/supr/archaeogenetics/pochonz/Phylogenetics/leprae/fastqs/SRR28001569_1.fastq.gz	/cfs/klemming/projects/supr/archaeogenetics/pochonz/Phylogenetics/leprae/fastqs/SRR28001569_2.fastq.gz	NA
SGW_S3_1_UK	SGW_S3_1_UK-SRR28001567	0	2	PE	NA	double	none	/cfs/klemming/projects/supr/archaeogenetics/pochonz/Phylogenetics/leprae/fastqs/SRR28001567_1.fastq.gz	/cfs/klemming/projects/supr/archaeogenetics/pochonz/Phylogenetics/leprae/fastqs/SRR28001567_2.fastq.gz	NA
SGW_S3_1_UK	SGW_S3_1_UK-SRR28001565	0	2	PE	NA	double	none	/cfs/klemming/projects/supr/archaeogenetics/pochonz/Phylogenetics/leprae/fastqs/SRR28001565_1.fastq.gz	/cfs/klemming/projects/supr/archaeogenetics/pochonz/Phylogenetics/leprae/fastqs/SRR28001565_2.fastq.gz	NA
SGW_S3_1_UK	SGW_S3_1_UK-SRR28001563	0	2	PE	NA	double	none	/cfs/klemming/projects/supr/archaeogenetics/pochonz/Phylogenetics/leprae/fastqs/SRR28001563_1.fastq.gz	/cfs/klemming/projects/supr/archaeogenetics/pochonz/Phylogenetics/leprae/fastqs/SRR28001563_2.fastq.gz	NA
SGW_S3_1_UK	SGW_S3_1_UK-SRR28001588	0	2	PE	NA	double	none	/cfs/klemming/projects/supr/archaeogenetics/pochonz/Phylogenetics/leprae/fastqs/SRR28001588_1.fastq.gz	/cfs/klemming/projects/supr/archaeogenetics/pochonz/Phylogenetics/leprae/fastqs/SRR28001588_2.fastq.gz	NA
raw_s.313	raw_s.313-b1e1l1p1_200525_L002	0	4	PE	NA	double	none	/cfs/klemming/projects/supr/archaeogenetics/pochonz/Phylogenetics/leprae/fastqs/raw_ldo140-b1e1l1p1_AGAAGAC-TCTCAGC_L002_CutAdapt-eq_set-FLASH_corrected.200525_A00621_0231_BHMC7VDRXX.all_S61_L002_R1_001.fastq.gz	/cfs/klemming/projects/supr/archaeogenetics/pochonz/Phylogenetics/leprae/fastqs/raw_ldo140-b1e1l1p1_AGAAGAC-TCTCAGC_L002_CutAdapt-eq_set-FLASH_corrected.200525_A00621_0231_BHMC7VDRXX.all_S61_L002_R2_001.fastq.gz	NA
raw_s.313	raw_s.313-b1e1l1p1_210602_L004	0	4	PE	NA	double	none	/cfs/klemming/projects/supr/archaeogenetics/pochonz/Phylogenetics/leprae/fastqs/raw_ldo140-b1e1l1p1_AGAAGAC-TCTCAGC_L004_CutAdapt-eq_set-FLASH_corrected.210602_A00621_0414_AH5LKFDSX2.all_S91_L004_R1_001.fastq.gz	/cfs/klemming/projects/supr/archaeogenetics/pochonz/Phylogenetics/leprae/fastqs/raw_ldo140-b1e1l1p1_AGAAGAC-TCTCAGC_L004_CutAdapt-eq_set-FLASH_corrected.210602_A00621_0414_AH5LKFDSX2.all_S91_L004_R2_001.fastq.gz	NA
raw_s.313	raw_s.313-b1e1l1p1-cap	0	4	PE	NA	double	none	/cfs/klemming/projects/supr/archaeogenetics/pochonz/Phylogenetics/leprae/fastqs/raw_ldo140-b1e1l1p1-cap_220701_A00621_0713_BHNWWKDSX3_1046_S157_L002_R1_001.fastq.gz	/cfs/klemming/projects/supr/archaeogenetics/pochonz/Phylogenetics/leprae/fastqs/raw_ldo140-b1e1l1p1-cap_220701_A00621_0713_BHNWWKDSX3_1046_S157_L002_R2_001.fastq.gz	NA
raw_s.197	raw_s.197-A-B_b1e1l1p1	0	4	PE	NA	double	none	/cfs/klemming/projects/supr/archaeogenetics/pochonz/Phylogenetics/leprae/fastqs/raw_ldo136-b1e1l1p1_L002_220701_A00621_0713_BHNWWKDSX3_R1_001.fastq.gz	/cfs/klemming/projects/supr/archaeogenetics/pochonz/Phylogenetics/leprae/fastqs/raw_ldo136-b1e1l1p1_L002_220701_A00621_0713_BHNWWKDSX3_R2_001.fastq.gz	NA
